Jahr,Austragungsort,Sieger,Ergebnis,Finalist,Sponsor,Gesamt,Sieger.1,Nationalität,Tournament,Teilnehmer
1994,"Circus Tavern, Purfleet",Dennis Priestley,6 : 1,Phil Taylor,Skol,0£64.000,0£16.000,England,PDC World Darts Championship,
1995,"Circus Tavern, Purfleet",Phil Taylor,6 : 2,Rod Harrington,Proton Cars,0£50.000,0£12.000,England,PDC World Darts Championship,
1996,"Circus Tavern, Purfleet",Phil Taylor,6 : 4,Dennis Priestley,Vernon’s Pools,0£62.500,0£14.000,England,PDC World Darts Championship,
1997,"Circus Tavern, Purfleet",Phil Taylor,6 : 3,Dennis Priestley,Red Band,0£99.500,0£45.000,England,PDC World Darts Championship,
1998,"Circus Tavern, Purfleet",Phil Taylor,6 : 0,Dennis Priestley,Skol,0£72.500,0£20.000,England,PDC World Darts Championship,
1999,"Circus Tavern, Purfleet",Phil Taylor,6 : 2,Peter Manley,Skol,0£104.000,0£30.000,England,PDC World Darts Championship,
2000,"Circus Tavern, Purfleet",Phil Taylor,7 : 3,Dennis Priestley,Skol,0£111.000,0£31.000,England,PDC World Darts Championship,
2001,"Circus Tavern, Purfleet",Phil Taylor,7 : 0,John Part,Skol,0£125.000,0£33.000,England,PDC World Darts Championship,
2002,"Circus Tavern, Purfleet",Phil Taylor,7 : 0,Peter Manley,Skol,0£205.000,0£50.000,England,PDC World Darts Championship,
2003,"Circus Tavern, Purfleet",John Part,7 : 6,Phil Taylor,Ladbrokes,0£237.000,0£50.000,Kanada,PDC World Darts Championship,
2004,"Circus Tavern, Purfleet",Phil Taylor,7 : 6,Kevin Painter,Ladbrokes,0£257.000,0£50.000,England,PDC World Darts Championship,
2005,"Circus Tavern, Purfleet",Phil Taylor,7 : 4,Mark Dudbridge,Ladbrokes,0£300.000,0£60.000,England,PDC World Darts Championship,
2006,"Circus Tavern, Purfleet",Phil Taylor,7 : 0,Peter Manley,Ladbrokes,0£500.000,0£100.000,England,PDC World Darts Championship,
2007,"Circus Tavern, Purfleet",Raymond van Barneveld,7 : 6,Phil Taylor,Ladbrokes,0£500.000,0£100.000,Niederlande,PDC World Darts Championship,
2008,"Alexandra Palace, London",John Part,7 : 2,Kirk Shepherd,Ladbrokes,0£589.000,0£100.000,Kanada,PDC World Darts Championship,
2009,"Alexandra Palace, London",Phil Taylor,7 : 1,Raymond van Barneveld,Ladbrokes,0£724.000,0£125.000,England,PDC World Darts Championship,
2010,"Alexandra Palace, London",Phil Taylor,7 : 3,Simon Whitlock,Ladbrokes,0£1.000.000,0£200.000,England,PDC World Darts Championship,
2011,"Alexandra Palace, London",Adrian Lewis,7 : 5,Gary Anderson,Ladbrokes,0£1.000.000,0£200.000,England,PDC World Darts Championship,
2012,"Alexandra Palace, London",Adrian Lewis,7 : 3,Andy Hamilton,Ladbrokes,0£1.000.000,0£200.000,England,PDC World Darts Championship,
2013,"Alexandra Palace, London",Phil Taylor,7 : 4,Michael van Gerwen,Ladbrokes,0£1.000.000,0£200.000,England,PDC World Darts Championship,
2014,"Alexandra Palace, London",Michael van Gerwen,7 : 4,Peter Wright,Ladbrokes,0£1.050.000,0£250.000,Niederlande,PDC World Darts Championship,
2015,"Alexandra Palace, London",Gary Anderson,7 : 6,Phil Taylor,William Hill,0£1.250.000,0£250.000,Schottland,PDC World Darts Championship,
2016,"Alexandra Palace, London",Gary Anderson,7 : 5,Adrian Lewis,William Hill,0£1.500.000,0£300.000,Schottland,PDC World Darts Championship,
2017,"Alexandra Palace, London",Michael van Gerwen,7 : 3,Gary Anderson,William Hill,0£1.650.000,0£350.000,Niederlande,PDC World Darts Championship,
2018,"Alexandra Palace, London",Rob Cross,7 : 2,Phil Taylor,William Hill,0£1.800.000,0£400.000,England,PDC World Darts Championship,
2019,"Alexandra Palace, London",Michael van Gerwen,7 : 3,Michael Smith,William Hill,0£2.500.000,0£500.000,Niederlande,PDC World Darts Championship,
2020,"Alexandra Palace, London",Peter Wright,7 : 3,Michael van Gerwen,William Hill,0£2.500.000,0£500.000,Schottland,PDC World Darts Championship,
2021,"Alexandra Palace, London",Gerwyn Price,7 : 3,Gary Anderson,William Hill,0£2.500.000,0£500.000,Wales,PDC World Darts Championship,
2022,"Alexandra Palace, London",Peter Wright,7 : 5,Michael Smith,William Hill,0£2.500.000,0£500.000,Schottland,PDC World Darts Championship,
2023,"Alexandra Palace, London",Michael Smith,7 : 4,Michael van Gerwen,Cazoo,0£2.500.000,0£500.000,England,PDC World Darts Championship,
2024,"Alexandra Palace, London",Luke Humphries,7 : 4,Luke Littler,Paddy Power,0£2.500.000,0£500.000,England,PDC World Darts Championship,
2025,"Alexandra Palace, London",Luke Littler,7 : 3,Michael van Gerwen,Paddy Power,0£2.500.000,0£500.000,England,PDC World Darts Championship,
1994,"Winter Gardens, Blackpool",Larry Butler,16 : 12,Dennis Priestley,Proton Cars,0£42.400,0£10.000,Vereinigte Staaten,World Matchplay,
1995,"Winter Gardens, Blackpool",Phil Taylor,16 : 11,Dennis Priestley,Webster’s,0£42.400,0£10.000,England,World Matchplay,
1996,"Winter Gardens, Blackpool",Peter Evison,16 : 14,Dennis Priestley,Webster’s,0£46.000,0£12.000,England,World Matchplay,
1997,"Winter Gardens, Blackpool",Phil Taylor,16 : 11,Alan Warriner,Webster’s,0£46.000,0£12.000,England,World Matchplay,
1998,"Winter Gardens, Blackpool",Rod Harrington,19 : 17,Ronnie Baxter,,0£58.000,0£14.000,England,World Matchplay,
1999,"Winter Gardens, Blackpool",Rod Harrington,19 : 17,Peter Manley,,0£58.000,0£14.000,England,World Matchplay,
2000,"Winter Gardens, Blackpool",Phil Taylor,18 : 12,Alan Warriner,Stan James,0£58.000,0£14.000,England,World Matchplay,
2001,"Winter Gardens, Blackpool",Phil Taylor,18 : 10,Richie Burnett,Stan James,0£65.000,0£14.000,England,World Matchplay,
2002,"Winter Gardens, Blackpool",Phil Taylor,18 : 16,John Part,Stan James,0£75.500,0£15.000,England,World Matchplay,
2003,"Winter Gardens, Blackpool",Phil Taylor,18 : 12,Wayne Mardle,Stan James,0£80.000,0£15.000,England,World Matchplay,
2004,"Winter Gardens, Blackpool",Phil Taylor,18 : 8,Mark Dudbridge,Stan James,0£100.000,0£20.000,England,World Matchplay,
2005,"Winter Gardens, Blackpool",Colin Lloyd,18 : 12,John Part,Stan James,0£120.000,0£25.000,England,World Matchplay,
2006,"Winter Gardens, Blackpool",Phil Taylor,18 : 11,James Wade,Stan James,0£150.000,0£30.000,England,World Matchplay,
2007,"Winter Gardens, Blackpool",James Wade,18 : 7,Terry Jenkins,Stan James,0£200.000,0£50.000,England,World Matchplay,
2008,"Winter Gardens, Blackpool",Phil Taylor,18 : 9,James Wade,Stan James,0£300.000,0£60.000,England,World Matchplay,
2009,"Winter Gardens, Blackpool",Phil Taylor,18 : 4,Terry Jenkins,Stan James,0£400.000,0£100.000,England,World Matchplay,
2010,"Winter Gardens, Blackpool",Phil Taylor,18 : 12,Raymond van Barneveld,Stan James,0£400.000,0£100.000,England,World Matchplay,
2011,"Winter Gardens, Blackpool",Phil Taylor,18 : 8,James Wade,Sky Bet,0£400.000,0£100.000,England,World Matchplay,
2012,"Winter Gardens, Blackpool",Phil Taylor,18 : 15,James Wade,Betfair,0£400.000,0£100.000,England,World Matchplay,
2013,"Winter Gardens, Blackpool",Phil Taylor,18 : 13,Adrian Lewis,BetVictor,0£400.000,0£100.000,England,World Matchplay,
2014,"Winter Gardens, Blackpool",Phil Taylor,18 : 9,Michael van Gerwen,BetVictor,0£450.000,0£100.000,England,World Matchplay,
2015,"Winter Gardens, Blackpool",Michael van Gerwen,18 : 12,James Wade,BetVictor,0£450.000,0£100.000,Niederlande,World Matchplay,
2016,"Winter Gardens, Blackpool",Michael van Gerwen,18 : 10,Phil Taylor,BetVictor,0£450.000,0£100.000,Niederlande,World Matchplay,
2017,"Winter Gardens, Blackpool",Phil Taylor,18 : 8,Peter Wright,BetVictor,0£500.000,0£115.000,England,World Matchplay,
2018,"Winter Gardens, Blackpool",Gary Anderson,21 : 19,Mensur Suljović,BetVictor,0£500.000,0£115.000,Schottland,World Matchplay,
2019,"Winter Gardens, Blackpool",Rob Cross,18 : 13,Michael Smith,Betfred,0£700.000,0£150.000,England,World Matchplay,
2020,"Marshall Arena, Milton Keynes",Dimitri Van den Bergh,18 : 10,Gary Anderson,Betfred,0£700.000,0£150.000,Belgien,World Matchplay,
2021,"Winter Gardens, Blackpool",Peter Wright,18 : 9,Dimitri Van den Bergh,Betfred,0£700.000,0£150.000,Schottland,World Matchplay,
2022,"Winter Gardens, Blackpool",Michael van Gerwen,18 : 14,Gerwyn Price,Betfred,0£800.000,0£200.000,Niederlande,World Matchplay,
2023,"Winter Gardens, Blackpool",Nathan Aspinall,18 : 6,Jonny Clayton,Betfred,0£800.000,0£200.000,England,World Matchplay,
2024,"Winter Gardens, Blackpool",Luke Humphries,18 : 15,Michael van Gerwen,Betfred,0£800.000,0£200.000,England,World Matchplay,
1998,"Casino Rooms, Rochester",Phil Taylor,13 : 8 (Legs),Rod Harrington,,0£38.000,0£9.000,England,World Grand Prix (Darts),
1999,"Casino Rooms, Rochester",Phil Taylor,6 : 1,Shayne Burgess,,0£38.000,0£9.000,England,World Grand Prix (Darts),
2000,"Crosbie Cedars Hotel, Rosslare",Phil Taylor,6 : 1,Shayne Burgess,,0£70.000,0£15.000,England,World Grand Prix (Darts),
2001,"Citywest Hotel, Dublin",Alan Warriner,8 : 2,Roland Scholten,Paddy Power,0£78.000,0£15.000,,World Grand Prix (Darts),
2002,"Citywest Hotel, Dublin",Phil Taylor,7 : 3,John Part,Paddy Power,0£70.000,0£14.000,England,World Grand Prix (Darts),
2003,"Citywest Hotel, Dublin",Phil Taylor,7 : 2,John Part,Paddy Power,0£76.000,0£15.000,England,World Grand Prix (Darts),
2004,"Citywest Hotel, Dublin",Colin Lloyd,7 : 3,Alan Warriner,Sky Bet,0£100.000,0£20.000,England,World Grand Prix (Darts),
2005,"Citywest Hotel, Dublin",Phil Taylor,7 : 1,Colin Lloyd,Sky Bet,0£100.000,0£20.000,England,World Grand Prix (Darts),
2006,"Citywest Hotel, Dublin",Phil Taylor,7 : 4,Terry Jenkins,Sky Bet,0£130.000,0£25.000,England,World Grand Prix (Darts),
2007,"Citywest Hotel, Dublin",James Wade,6 : 3,Terry Jenkins,Sky Bet,0£200.000,0£50.000,England,World Grand Prix (Darts),
2008,"Citywest Hotel, Dublin",Phil Taylor,6 : 2,Raymond van Barneveld,Sky Poker,0£250.000,0£50.000,England,World Grand Prix (Darts),
2009,"Citywest Hotel, Dublin",Phil Taylor,6 : 4,Raymond van Barneveld,Sky Bet,0£350.000,0£100.000,England,World Grand Prix (Darts),
2010,"Citywest Hotel, Dublin",James Wade,6 : 3,Adrian Lewis,Bodog,0£350.000,0£100.000,England,World Grand Prix (Darts),
2011,"Citywest Hotel, Dublin",Phil Taylor,6 : 3,Brendan Dolan,PartyPoker.com,0£350.000,0£100.000,England,World Grand Prix (Darts),
2012,"Citywest Hotel, Dublin",Michael van Gerwen,6 : 4,Mervyn King,PartyPoker.com,0£350.000,0£100.000,Niederlande,World Grand Prix (Darts),
2013,"Citywest Hotel, Dublin",Phil Taylor,6 : 0,Dave Chisnall,PartyPoker.com,0£350.000,0£100.000,England,World Grand Prix (Darts),
2014,"Citywest Hotel, Dublin",Michael van Gerwen,5 : 3,James Wade,PartyPoker.com,0£400.000,0£100.000,Niederlande,World Grand Prix (Darts),
2015,"Citywest Hotel, Dublin",Robert Thornton,5 : 4,Michael van Gerwen,PartyPoker.com,0£400.000,0£100.000,Schottland,World Grand Prix (Darts),
2016,"Citywest Hotel, Dublin",Michael van Gerwen,5 : 2,Gary Anderson,Unibet,0£400.000,0£100.000,Niederlande,World Grand Prix (Darts),
2017,"Citywest Hotel, Dublin",Daryl Gurney,5 : 4,Simon Whitlock,0£400.000,0£100.000,,Nordirland,World Grand Prix (Darts),
2018,"Citywest Hotel, Dublin",Michael van Gerwen,5 : 2,Peter Wright,0£400.000,0£100.000,,Niederlande,World Grand Prix (Darts),
2019,"Citywest Hotel, Dublin",Michael van Gerwen,5 : 2,Dave Chisnall,BoyleSports,0£450.000,0£110.000,Niederlande,World Grand Prix (Darts),
2020,"Ricoh Arena, Coventry",Gerwyn Price,5 : 2,Dirk van Duijvenbode,BoyleSports,0£450.000,0£110.000,Wales,World Grand Prix (Darts),
2021,"Mattioli Arena, Leicester",Jonny Clayton,5 : 1,Gerwyn Price,BoyleSports,0£450.000,0£110.000,Wales,World Grand Prix (Darts),
2022,"Mattioli Arena, Leicester",Michael van Gerwen,5 : 3,Nathan Aspinall,BoyleSports,0£550.000,0£120.000,Niederlande,World Grand Prix (Darts),
2023,"Mattioli Arena, Leicester",Luke Humphries,5 : 2,Gerwyn Price,BoyleSports,0£550.000,0£120.000,England,World Grand Prix (Darts),
2024,"Mattioli Arena, Leicester",Mike De Decker,6 : 4,Luke Humphries,BoyleSports,0£600.000,0£120.000,,World Grand Prix (Darts),
2025,TBA,,:,,TBA,TBA,TBA,,World Grand Prix (Darts),
2002,"MGM Grand Hotel, Paradise",Phil Taylor,3 : 0 (sets),Ronnie Baxter,,0$58.000,0$20.000,England,Las Vegas Desert Classic,
2003,"MGM Grand Hotel, Paradise",Peter Manley,16 : 12 (legs),John Part,,0$88.000,0$22.000,England,Las Vegas Desert Classic,
2004,"MGM Grand Hotel, Paradise",Phil Taylor,6 : 4 (sets),Wayne Mardle,,0£84.100,0£15.000,England,Las Vegas Desert Classic,
2005,"MGM Grand Hotel, Paradise",Phil Taylor,6 : 1 (sets),Wayne Mardle,,0£84.100,0£15.000,England,Las Vegas Desert Classic,
2006,"Mandalay Bay Resort and Casino, Paradise",John Part,6 : 3 (sets),Raymond van Barneveld,PartyPoker.com,0£90.500,0£15.000,Kanada,Las Vegas Desert Classic,
2007,"Mandalay Bay Resort and Casino, Paradise",Raymond van Barneveld,13 : 6 (legs),Terry Jenkins,,0£120.000,0£20.000,Niederlande,Las Vegas Desert Classic,
2008,"Mandalay Bay Resort and Casino, Paradise",Phil Taylor,13 : 7 (legs),James Wade,PartyPoker.com,0£120.000,0£20.000,England,Las Vegas Desert Classic,
2009,"Mandalay Bay Resort and Casino, Paradise",Phil Taylor,13 : 11 (legs),Raymond van Barneveld,PartyPoker.com,0£182.000,0£30.000,England,Las Vegas Desert Classic,
2005,"ExpoCenter, Hengelo",Phil Taylor,7 : 1,Andy Fordham,,0€445.000,0€175.000,England,Masters of Darts,
2007,"ExpoCenter, Hengelo",Raymond van Barneveld,7 : 0,Peter Manley,,0€180.000,0€50.000,Niederlande,Masters of Darts,
2007,"Mohegan Sun, Connecticut","Phil Taylor 103,10",4 : 1,"Raymond van Barneveld 99,06",,"£126,000","£12,500",England,US Open (Darts),
2008,"Mohegan Sun, Connecticut","Phil Taylor 96,86",3 : 0,"Colin Lloyd 91,48",,"£126,000","£12,500",England,US Open (Darts),
2009,"Holiday Inn Select, Atlanta",Dennis Priestley,6 : 3,Phil Taylor,,"$50,000","$12,000",England,US Open (Darts),
2010,"Tropicana Las Vegas, Paradise",Phil Taylor,6 : 3,Denis Ovens,,"£31,200","£6,000",England,US Open (Darts),
2007,"Civic Hall, Wolverhampton",Phil Taylor,18 : 11,Andy Hamilton,PartyBets.com,0£300.000,0£80.000,England,Grand Slam of Darts,
2008,"Civic Hall, Wolverhampton",Phil Taylor,18 : 9,Terry Jenkins,PartyPoker.com,0£356.000,0£100.000,England,Grand Slam of Darts,
2009,"Civic Hall, Wolverhampton",Phil Taylor,16 : 2,Scott Waites,PartyPoker.com,0£400.000,0£100.000,England,Grand Slam of Darts,
2010,"Civic Hall, Wolverhampton",Scott Waites,16 : 12,James Wade,Daily Mirror,0£400.000,0£100.000,England,Grand Slam of Darts,
2011,"Civic Hall, Wolverhampton",Phil Taylor,16 : 4,Gary Anderson,William Hill,0£400.000,0£100.000,England,Grand Slam of Darts,
2012,"Civic Hall, Wolverhampton",Raymond van Barneveld,16 : 14,Michael van Gerwen,William Hill,0£400.000,0£100.000,Niederlande,Grand Slam of Darts,
2013,"Civic Hall, Wolverhampton",Phil Taylor,16 : 6,Robert Thornton,William Hill,0£400.000,0£100.000,England,Grand Slam of Darts,
2014,"Civic Hall, Wolverhampton",Phil Taylor,16 : 13,Dave Chisnall,Singha Beer,0£400.000,0£100.000,England,Grand Slam of Darts,
2015,"Civic Hall, Wolverhampton",Michael van Gerwen,16 : 13,Phil Taylor,Singha Beer,0£400.000,0£100.000,Niederlande,Grand Slam of Darts,
2016,"Civic Hall, Wolverhampton",Michael van Gerwen,16 : 8,James Wade,Singha Beer,0£400.000,0£100.000,Niederlande,Grand Slam of Darts,
2017,"Civic Hall, Wolverhampton",Michael van Gerwen,16 : 12,Peter Wright,Bwin,0£450.000,0£110.000,Niederlande,Grand Slam of Darts,
2018,"Aldersley Leisure Village, Wolverhampton",Gerwyn Price,16 : 13,Gary Anderson,Bwin,0£450.000,0£110.000,Wales,Grand Slam of Darts,
2019,"Aldersley Leisure Village, Wolverhampton",Gerwyn Price,16 : 6,Peter Wright,BoyleSports,0£550.000,0£125.000,Wales,Grand Slam of Darts,
2020,"Ricoh Arena, Coventry",José de Sousa,16 : 12,James Wade,BoyleSports,0£550.000,0£125.000,Portugal,Grand Slam of Darts,
2021,"Aldersley Leisure Village, Wolverhampton",Gerwyn Price,16 : 8,Peter Wright,Cazoo,0£550.000,0£125.000,Wales,Grand Slam of Darts,
2022,"Aldersley Leisure Village, Wolverhampton",Michael Smith,16 : 5,Nathan Aspinall,Cazoo,0£650.000,0£150.000,England,Grand Slam of Darts,
2023,"Aldersley Leisure Village, Wolverhampton",Luke Humphries,16 : 8,Rob Cross,Mr Vegas,0£650.000,0£150.000,England,Grand Slam of Darts,
2024,"Aldersley Leisure Village, Wolverhampton",Luke Littler,16 : 3,Martin Lukeman,Mr Vegas,0£650.000,0£150.000,England,Grand Slam of Darts,
2009,"Circus Tavern, Purfleet",Phil Taylor,16 : 9,Robert Thornton,Coral.co.uk,0£200.000,0£50.000,England,Players Championship Finals,
2010,"Circus Tavern, Purfleet",Paul Nicholson,13 : 11,Mervyn King,totesport.com,0£250.000,0£60.000,Australien,Players Championship Finals,
2011 (Feb.),"Doncaster Dome, Doncaster",Phil Taylor,13 : 12,Gary Anderson,Perform,0£250.000,0£60.000,England,Players Championship Finals,
2011 (Dez.),"Doncaster Dome, Doncaster",Kevin Painter,13 : 9,Mark Webster,Cash Converters,0£250.000,0£60.000,England,Players Championship Finals,
2012,"Butlin’s Resort, Minehead",Phil Taylor,13 : 6,Kim Huybrechts,Cash Converters,0£250.000,0£60.000,England,Players Championship Finals,
2013,"Butlin’s Resort, Minehead",Michael van Gerwen,11 : 7,Phil Taylor,Cash Converters,0£250.000,0£60.000,Niederlande,Players Championship Finals,
2014,"Butlin’s Resort, Minehead",Gary Anderson,11 : 6,Adrian Lewis,Cash Converters,0£300.000,0£65.000,Schottland,Players Championship Finals,
2015,"Butlin’s Resort, Minehead",Michael van Gerwen,11 : 6,Adrian Lewis,Cash Converters,0£300.000,0£65.000,Niederlande,Players Championship Finals,
2016,"Butlin’s Resort, Minehead",Michael van Gerwen,11 : 3,Dave Chisnall,Cash Converters,0£400.000,0£75.000,Niederlande,Players Championship Finals,
2017,"Butlin’s Resort, Minehead",Michael van Gerwen,11 : 2,Jonny Clayton,Mr Green Sport,0£460.000,0£100.000,Niederlande,Players Championship Finals,
2018,"Butlin’s Resort, Minehead",Daryl Gurney,11 : 9,Michael van Gerwen,Ladbrokes,0£460.000,0£100.000,Nordirland,Players Championship Finals,
2019,"Butlin’s Resort, Minehead",Michael van Gerwen,11 : 9,Gerwyn Price,Ladbrokes,0£500.000,0£100.000,Niederlande,Players Championship Finals,
2020,"Ricoh Arena, Coventry",Michael van Gerwen,11 : 10,Mervyn King,Ladbrokes,0£500.000,0£100.000,Niederlande,Players Championship Finals,
2021,"Butlin’s Resort, Minehead",Peter Wright,11 : 10,Ryan Searle,Ladbrokes,0£500.000,0£100.000,Schottland,Players Championship Finals,
2022,"Butlin’s Resort, Minehead",Michael van Gerwen,11 : 6,Rob Cross,Cazoo,0£500.000,0£100.000,Niederlande,Players Championship Finals,
2023,"Butlin’s Resort, Minehead",Luke Humphries,11 : 9,Michael van Gerwen,Cazoo,0£600.000,0£120.000,England,Players Championship Finals,
2024,"Butlin’s Resort, Minehead",Luke Humphries,11 : 7,Luke Littler,Ladbrokes,0£600.000,0£120.000,England,Players Championship Finals,
2010,"Rainton Meadows Arena, Houghton-le-Spring",Niederlande Raymond van Barneveld Co Stompé,4 : 2,Wales Mark Webster Barrie Bates,Cash Converters,0£150.000,0£40.000,,World Cup of Darts,
2012,"Sporthalle, Hamburg",England Phil Taylor Adrian Lewis,3 : 3 1,Australien Simon Whitlock Paul Nicholson,Cash Converters,0£150.000,0£40.000,,World Cup of Darts,
2013,"Sporthalle, Hamburg",England Phil Taylor Adrian Lewis,3 : 1,Belgien Kim Huybrechts Ronny Huybrechts,Betfair,0£150.000,0£40.000,,World Cup of Darts,
2014,"Sporthalle, Hamburg",Niederlande Michael van Gerwen Raymond van Barneveld,3 : 0,England Phil Taylor Adrian Lewis,Bwin,0£200.000,0£40.000,,World Cup of Darts,
2015,"Eissporthalle, Frankfurt am Main",England Phil Taylor Adrian Lewis,3 : 2,Schottland Gary Anderson Peter Wright,Bwin,0£250.000,0£50.000,,World Cup of Darts,
2016,"Eissporthalle, Frankfurt am Main",England Phil Taylor Adrian Lewis,3 : 2,Niederlande Michael van Gerwen Raymond van Barneveld,Betway,0£250.000,0£50.000,,World Cup of Darts,
2017,"Eissporthalle, Frankfurt am Main",Niederlande Michael van Gerwen Raymond van Barneveld,3 : 1,Wales Mark Webster Gerwyn Price,Betway,0£300.000,0£60.000,,World Cup of Darts,
2018,"Eissporthalle, Frankfurt am Main",Niederlande Michael van Gerwen Raymond van Barneveld,3 : 1,Schottland Gary Anderson Peter Wright,Betway,0£300.000,0£60.000,,World Cup of Darts,
2019,"Barclaycard Arena, Hamburg",Schottland Gary Anderson Peter Wright,3 : 1,Irland Steve Lennon William O’Connor,BetVictor,0£350.000,0£70.000,,World Cup of Darts,
2020,"Salzburgarena, Salzburg",Wales Gerwyn Price Jonny Clayton,3 : 0,England Michael Smith Rob Cross,BetVictor,0£350.000,0£70.000,,World Cup of Darts,
2021,"Sparkassen-Arena, Jena",Schottland Peter Wright John Henderson,3 : 1,Österreich Mensur Suljović Rowby-John Rodriguez,Cazoo,0£350.000,0£70.000,,World Cup of Darts,
2022,"Eissporthalle, Frankfurt am Main",Australien Damon Heta Simon Whitlock,3 : 1,Wales Gerwyn Price Jonny Clayton,Cazoo,0£350.000,0£70.000,,World Cup of Darts,
2023,"Eissporthalle, Frankfurt am Main",Wales Gerwyn Price Jonny Clayton,10 : 2,Schottland Gary Anderson Peter Wright,My Diesel Claim,0£450.000,0£80.000,,World Cup of Darts,
2024,"Eissporthalle, Frankfurt am Main",England Luke Humphries Michael Smith,10 : 6,Österreich Mensur Suljović Rowby-John Rodriguez,BetVictor,0£450.000,0£80.000,,World Cup of Darts,
2025,"Eissporthalle, Frankfurt am Main",,:,,BetVictor,0£450.000,0£80.000,,World Cup of Darts,
2013,"Royal Highland Centre, Edinburgh",Phil Taylor,10 : 1,Adrian Lewis,Coral,£ 160.000,£ 50.000,England,World Masters (PDC),16.0
2014,"Royal Highland Centre, Edinburgh",James Wade,11 : 10,Mervyn King,Unibet,£ 160.000,£ 50.000,England,World Masters (PDC),16.0
2015,"Marshall Arena, Milton Keynes",Michael van Gerwen,11 : 6,Raymond van Barneveld,Unibet,£ 200.000,£ 60.000,Niederlande,World Masters (PDC),16.0
2016,"Marshall Arena, Milton Keynes",Michael van Gerwen,11 : 6,Dave Chisnall,Unibet,£ 200.000,£ 60.000,Niederlande,World Masters (PDC),16.0
2017,"Marshall Arena, Milton Keynes",Michael van Gerwen,11 : 7,Gary Anderson,Unibet,£ 200.000,£ 60.000,Niederlande,World Masters (PDC),16.0
2018,"Marshall Arena, Milton Keynes",Michael van Gerwen,11 : 9,Raymond van Barneveld,Unibet,£ 200.000,£ 60.000,Niederlande,World Masters (PDC),16.0
2019,"Marshall Arena, Milton Keynes",Michael van Gerwen,11 : 5,James Wade,BetVictor,£ 200.000,£ 60.000,Niederlande,World Masters (PDC),16.0
2020,"Marshall Arena, Milton Keynes",Peter Wright,11 : 10,Michael Smith,Ladbrokes,£ 200.000,£ 60.000,Schottland,World Masters (PDC),16.0
2021,"Marshall Arena, Milton Keynes",Jonny Clayton,11 : 8,Mervyn King,Ladbrokes,£ 220.000,£ 60.000,Wales,World Masters (PDC),24.0
2022,"Marshall Arena, Milton Keynes",Joe Cullen,11 : 9,Dave Chisnall,Ladbrokes,£ 220.000,£ 60.000,England,World Masters (PDC),24.0
2023,"Marshall Arena, Milton Keynes",Chris Dobey,11 : 7,Rob Cross,Cazoo,£ 275.000,£ 65.000,England,World Masters (PDC),24.0
2024,"Marshall Arena, Milton Keynes",Stephen Bunting,11 : 7,Michael van Gerwen,Cazoo,£ 275.000,£ 65.000,England,World Masters (PDC),24.0
2025,"Marshall Arena, Milton Keynes",Luke Humphries,6 : 5 (sets),Jonny Clayton,Winmau,£ 500.000,£ 100.000,England,World Masters (PDC),32.0
2015,"Braehead Arena, Glasgow",Michael van Gerwen,11 : 10,Peter Wright,Unibet,0£ 155.000,0£ 30.000,Niederlande,World Series of Darts Finals,
2016,"Braehead Arena, Glasgow",Michael van Gerwen,11 : 9,Peter Wright,Ladbrokes,0£ 155.000,0£ 30.000,Niederlande,World Series of Darts Finals,
2017,"Braehead Arena, Glasgow",Michael van Gerwen,11 : 6,Gary Anderson,Ladbrokes,0£ 250.000,0£ 50.000,Niederlande,World Series of Darts Finals,
2018,"Multiversum, Schwechat",James Wade,11 : 10,Michael Smith,Bwin,0£ 250.000,0£ 50.000,England,World Series of Darts Finals,
2019,"AFAS Live, Amsterdam",Michael van Gerwen,11 : 2,Danny Noppert,Jack’s Casino,0£ 300.000,0£ 70.000,Niederlande,World Series of Darts Finals,
2020,"Salzburgarena, Salzburg",Gerwyn Price,11 : 9,Rob Cross,Bwin,0£ 300.000,0£ 70.000,Wales,World Series of Darts Finals,
2021,"AFAS Live, Amsterdam",Jonny Clayton,11 : 6,Dimitri Van den Bergh,Jack’s Casino,0£ 300.000,0£ 70.000,Wales,World Series of Darts Finals,
2022,"AFAS Live, Amsterdam",Gerwyn Price,11: 10,Dirk van Duijvenbode,Jack’s Casino,0£ 300.000,0£ 70.000,Wales,World Series of Darts Finals,
2023,"AFAS Live, Amsterdam",Michael van Gerwen,11 : 4,Nathan Aspinall,Jack’s Casino,0£ 300.000,0£ 70.000,Niederlande,World Series of Darts Finals,
2024,"AFAS Live, Amsterdam",Luke Littler,11 : 4,Michael Smith,Jack’s Casino,0£ 400.000,0£ 80.000,England,World Series of Darts Finals,
2016,"Motorpoint Arena, Cardiff",Phil Taylor,11 : 5,Michael van Gerwen,Unibet,0£250.000,0£100.000,England,Champions League of Darts,
2017,"Motorpoint Arena, Cardiff",Mensur Suljović,11 : 9,Gary Anderson,Unibet,0£250.000,0£100.000,,Champions League of Darts,
2018,"Brighton Centre, Brighton",Gary Anderson,11 : 4,Peter Wright,Paddy Power,0£250.000,0£100.000,Schottland,Champions League of Darts,
2019,"Leicester Arena, Leicester",Michael van Gerwen,11 : 10,Peter Wright,Paddy Power,0£250.000,0£100.000,Niederlande,Champions League of Darts,
2020,"Leicester Arena, Leicester",Abgesagt wegen der COVID-19-Pandemie,Abgesagt wegen der COVID-19-Pandemie,Abgesagt wegen der COVID-19-Pandemie,Abgesagt wegen der COVID-19-Pandemie,Abgesagt wegen der COVID-19-Pandemie,Abgesagt wegen der COVID-19-Pandemie,,Champions League of Darts,
