Leg,Leg Value,Throw-in,Value Home,Value Away,Throw Home,Throw Away,Player Home,Player Away
0,1-0,VERLORENER ANWURF Away,501,501,0,0,Humphries L.,De Decker M.
1,1-0,VERLORENER ANWURF Away,449,501,52,0,Humphries L.,De Decker M.
2,1-0,VERLORENER ANWURF Away,449,392,0,109,Humphries L.,De Decker M.
3,1-0,VERLORENER ANWURF Away,309,392,140,0,Humphries L.,De Decker M.
4,1-0,VERLORENER ANWURF Away,309,296,0,96,Humphries L.,De Decker M.
5,1-0,VERLORENER ANWURF Away,138,296,171,0,Humphries L.,De Decker M.
6,1-0,VERLORENER ANWURF Away,138,156,0,140,Humphries L.,De Decker M.
7,1-0,VERLORENER ANWURF Away,32,156,106,0,Humphries L.,De Decker M.
8,1-0,VERLORENER ANWURF Away,32,76,0,80,Humphries L.,De Decker M.
0,2-0,,469,501,32,0,Humphries L.,De Decker M.
1,2-0,,469,501,0,0,Humphries L.,De Decker M.
2,2-0,,335,501,134,0,Humphries L.,De Decker M.
3,2-0,,335,450,0,51,Humphries L.,De Decker M.
4,2-0,,275,450,60,0,Humphries L.,De Decker M.
5,2-0,,275,357,0,93,Humphries L.,De Decker M.
6,2-0,,135,357,140,0,Humphries L.,De Decker M.
7,2-0,,135,217,0,140,Humphries L.,De Decker M.
8,2-0,,92,217,43,0,Humphries L.,De Decker M.
9,2-0,,92,92,0,125,Humphries L.,De Decker M.
0,2-1,,501,430,0,71,Humphries L.,De Decker M.
1,2-1,,392,430,109,0,Humphries L.,De Decker M.
2,2-1,,392,294,0,136,Humphries L.,De Decker M.
3,2-1,,258,294,134,0,Humphries L.,De Decker M.
4,2-1,,258,197,0,97,Humphries L.,De Decker M.
5,2-1,,162,197,96,0,Humphries L.,De Decker M.
6,2-1,,162,57,0,140,Humphries L.,De Decker M.
7,2-1,,32,57,130,0,Humphries L.,De Decker M.
0,2-2,VERLORENER ANWURF Home,461,501,40,0,Humphries L.,De Decker M.
1,2-2,VERLORENER ANWURF Home,461,430,0,71,Humphries L.,De Decker M.
2,2-2,VERLORENER ANWURF Home,402,430,59,0,Humphries L.,De Decker M.
3,2-2,VERLORENER ANWURF Home,402,370,0,60,Humphries L.,De Decker M.
4,2-2,VERLORENER ANWURF Home,343,370,59,0,Humphries L.,De Decker M.
5,2-2,VERLORENER ANWURF Home,343,230,0,140,Humphries L.,De Decker M.
6,2-2,VERLORENER ANWURF Home,284,230,59,0,Humphries L.,De Decker M.
7,2-2,VERLORENER ANWURF Home,284,50,0,180,Humphries L.,De Decker M.
8,2-2,VERLORENER ANWURF Home,202,50,82,0,Humphries L.,De Decker M.
9,2-2,VERLORENER ANWURF Home,202,16,0,34,Humphries L.,De Decker M.
10,2-2,VERLORENER ANWURF Home,97,16,105,0,Humphries L.,De Decker M.
0,3-2,VERLORENER ANWURF Away,501,469,0,32,Humphries L.,De Decker M.
1,3-2,VERLORENER ANWURF Away,409,469,92,0,Humphries L.,De Decker M.
2,3-2,VERLORENER ANWURF Away,409,373,0,96,Humphries L.,De Decker M.
3,3-2,VERLORENER ANWURF Away,284,373,125,0,Humphries L.,De Decker M.
4,3-2,VERLORENER ANWURF Away,284,233,0,140,Humphries L.,De Decker M.
5,3-2,VERLORENER ANWURF Away,150,233,134,0,Humphries L.,De Decker M.
6,3-2,VERLORENER ANWURF Away,150,100,0,133,Humphries L.,De Decker M.
7,3-2,VERLORENER ANWURF Away,55,100,95,0,Humphries L.,De Decker M.
8,3-2,VERLORENER ANWURF Away,55,20,0,80,Humphries L.,De Decker M.
0,1-0,VERLORENER ANWURF Away,501,485,0,16,Humphries L.,Joyce R.
1,1-0,VERLORENER ANWURF Away,409,485,92,0,Humphries L.,Joyce R.
2,1-0,VERLORENER ANWURF Away,409,385,0,100,Humphries L.,Joyce R.
3,1-0,VERLORENER ANWURF Away,350,385,59,0,Humphries L.,Joyce R.
4,1-0,VERLORENER ANWURF Away,350,339,0,46,Humphries L.,Joyce R.
5,1-0,VERLORENER ANWURF Away,216,339,134,0,Humphries L.,Joyce R.
6,1-0,VERLORENER ANWURF Away,216,243,0,96,Humphries L.,Joyce R.
7,1-0,VERLORENER ANWURF Away,36,243,180,0,Humphries L.,Joyce R.
8,1-0,VERLORENER ANWURF Away,36,103,0,140,Humphries L.,Joyce R.
0,2-0,,469,501,32,0,Humphries L.,Joyce R.
1,2-0,,469,455,0,46,Humphries L.,Joyce R.
2,2-0,,373,455,96,0,Humphries L.,Joyce R.
3,2-0,,373,359,0,96,Humphries L.,Joyce R.
4,2-0,,288,359,85,0,Humphries L.,Joyce R.
5,2-0,,288,225,0,134,Humphries L.,Joyce R.
6,2-0,,154,225,134,0,Humphries L.,Joyce R.
7,2-0,,154,160,0,65,Humphries L.,Joyce R.
8,2-0,,60,160,94,0,Humphries L.,Joyce R.
9,2-0,,60,64,0,96,Humphries L.,Joyce R.
0,3-0,VERLORENER ANWURF Away,501,430,0,71,Humphries L.,Joyce R.
1,3-0,VERLORENER ANWURF Away,449,430,52,0,Humphries L.,Joyce R.
2,3-0,VERLORENER ANWURF Away,449,290,0,140,Humphries L.,Joyce R.
3,3-0,VERLORENER ANWURF Away,354,290,95,0,Humphries L.,Joyce R.
4,3-0,VERLORENER ANWURF Away,354,233,0,57,Humphries L.,Joyce R.
5,3-0,VERLORENER ANWURF Away,214,233,140,0,Humphries L.,Joyce R.
6,3-0,VERLORENER ANWURF Away,214,176,0,57,Humphries L.,Joyce R.
7,3-0,VERLORENER ANWURF Away,122,176,92,0,Humphries L.,Joyce R.
8,3-0,VERLORENER ANWURF Away,122,76,0,100,Humphries L.,Joyce R.
9,3-0,VERLORENER ANWURF Away,25,76,97,0,Humphries L.,Joyce R.
10,3-0,VERLORENER ANWURF Away,25,36,0,40,Humphries L.,Joyce R.
0,0-1,,501,469,0,32,De Decker M.,Van den Bergh D.
1,0-1,,501,469,0,0,De Decker M.,Van den Bergh D.
2,0-1,,501,372,0,97,De Decker M.,Van den Bergh D.
3,0-1,,430,372,71,0,De Decker M.,Van den Bergh D.
4,0-1,,430,272,0,100,De Decker M.,Van den Bergh D.
5,0-1,,330,272,100,0,De Decker M.,Van den Bergh D.
6,0-1,,330,132,0,140,De Decker M.,Van den Bergh D.
7,0-1,,253,132,77,0,De Decker M.,Van den Bergh D.
8,0-1,,253,32,0,100,De Decker M.,Van den Bergh D.
9,0-1,,196,32,57,0,De Decker M.,Van den Bergh D.
0,0-2,VERLORENER ANWURF Home,431,501,70,0,De Decker M.,Van den Bergh D.
1,0-2,VERLORENER ANWURF Home,431,449,0,52,De Decker M.,Van den Bergh D.
2,0-2,VERLORENER ANWURF Home,331,449,100,0,De Decker M.,Van den Bergh D.
3,0-2,VERLORENER ANWURF Home,331,337,0,112,De Decker M.,Van den Bergh D.
4,0-2,VERLORENER ANWURF Home,241,337,90,0,De Decker M.,Van den Bergh D.
5,0-2,VERLORENER ANWURF Home,241,237,0,100,De Decker M.,Van den Bergh D.
6,0-2,VERLORENER ANWURF Home,141,237,100,0,De Decker M.,Van den Bergh D.
7,0-2,VERLORENER ANWURF Home,141,97,0,140,De Decker M.,Van den Bergh D.
8,0-2,VERLORENER ANWURF Home,52,97,89,0,De Decker M.,Van den Bergh D.
0,0-3,,501,501,0,0,De Decker M.,Van den Bergh D.
1,0-3,,469,501,32,0,De Decker M.,Van den Bergh D.
2,0-3,,469,469,0,32,De Decker M.,Van den Bergh D.
3,0-3,,369,469,100,0,De Decker M.,Van den Bergh D.
4,0-3,,369,384,0,85,De Decker M.,Van den Bergh D.
5,0-3,,269,384,100,0,De Decker M.,Van den Bergh D.
6,0-3,,269,204,0,180,De Decker M.,Van den Bergh D.
7,0-3,,173,204,96,0,De Decker M.,Van den Bergh D.
8,0-3,,173,24,0,180,De Decker M.,Van den Bergh D.
9,0-3,,78,24,95,0,De Decker M.,Van den Bergh D.
0,1-0,,501,501,0,0,Cullen J.,Van den Bergh D.
1,1-0,,501,429,0,72,Cullen J.,Van den Bergh D.
2,1-0,,445,429,56,0,Cullen J.,Van den Bergh D.
3,1-0,,445,344,0,85,Cullen J.,Van den Bergh D.
4,1-0,,345,344,100,0,Cullen J.,Van den Bergh D.
5,1-0,,345,261,0,83,Cullen J.,Van den Bergh D.
6,1-0,,208,261,137,0,Cullen J.,Van den Bergh D.
7,1-0,,208,170,0,91,Cullen J.,Van den Bergh D.
8,1-0,,68,170,140,0,Cullen J.,Van den Bergh D.
9,1-0,,68,74,0,96,Cullen J.,Van den Bergh D.
10,1-0,,4,74,64,0,Cullen J.,Van den Bergh D.
11,1-0,,4,16,0,58,Cullen J.,Van den Bergh D.
0,1-1,,501,501,0,0,Cullen J.,Van den Bergh D.
1,1-1,,392,501,109,0,Cullen J.,Van den Bergh D.
2,1-1,,392,349,0,152,Cullen J.,Van den Bergh D.
3,1-1,,349,349,43,0,Cullen J.,Van den Bergh D.
4,1-1,,349,215,0,134,Cullen J.,Van den Bergh D.
5,1-1,,230,215,119,0,Cullen J.,Van den Bergh D.
6,1-1,,230,118,0,97,Cullen J.,Van den Bergh D.
7,1-1,,130,118,100,0,Cullen J.,Van den Bergh D.
0,1-2,VERLORENER ANWURF Home,405,501,96,0,Cullen J.,Van den Bergh D.
1,1-2,VERLORENER ANWURF Home,405,501,0,0,Cullen J.,Van den Bergh D.
2,1-2,VERLORENER ANWURF Home,225,501,180,0,Cullen J.,Van den Bergh D.
3,1-2,VERLORENER ANWURF Home,225,409,0,92,Cullen J.,Van den Bergh D.
4,1-2,VERLORENER ANWURF Home,91,409,134,0,Cullen J.,Van den Bergh D.
5,1-2,VERLORENER ANWURF Home,91,269,0,140,Cullen J.,Van den Bergh D.
6,1-2,VERLORENER ANWURF Home,16,269,75,0,Cullen J.,Van den Bergh D.
7,1-2,VERLORENER ANWURF Home,16,226,0,43,Cullen J.,Van den Bergh D.
8,1-2,VERLORENER ANWURF Home,16,226,0,0,Cullen J.,Van den Bergh D.
9,1-2,VERLORENER ANWURF Home,16,46,0,180,Cullen J.,Van den Bergh D.
10,1-2,VERLORENER ANWURF Home,16,46,0,0,Cullen J.,Van den Bergh D.
0,2-2,VERLORENER ANWURF Away,501,463,0,38,Cullen J.,Van den Bergh D.
1,2-2,VERLORENER ANWURF Away,429,463,72,0,Cullen J.,Van den Bergh D.
2,2-2,VERLORENER ANWURF Away,429,367,0,96,Cullen J.,Van den Bergh D.
3,2-2,VERLORENER ANWURF Away,383,367,46,0,Cullen J.,Van den Bergh D.
4,2-2,VERLORENER ANWURF Away,383,307,0,60,Cullen J.,Van den Bergh D.
5,2-2,VERLORENER ANWURF Away,243,307,140,0,Cullen J.,Van den Bergh D.
6,2-2,VERLORENER ANWURF Away,243,127,0,180,Cullen J.,Van den Bergh D.
7,2-2,VERLORENER ANWURF Away,147,127,96,0,Cullen J.,Van den Bergh D.
8,2-2,VERLORENER ANWURF Away,147,62,0,65,Cullen J.,Van den Bergh D.
9,2-2,VERLORENER ANWURF Away,54,62,93,0,Cullen J.,Van den Bergh D.
10,2-2,VERLORENER ANWURF Away,54,32,0,30,Cullen J.,Van den Bergh D.
0,3-2,,465,501,36,0,Cullen J.,Van den Bergh D.
1,3-2,,465,501,0,0,Cullen J.,Van den Bergh D.
2,3-2,,325,501,140,0,Cullen J.,Van den Bergh D.
3,3-2,,325,501,0,0,Cullen J.,Van den Bergh D.
4,3-2,,286,501,39,0,Cullen J.,Van den Bergh D.
5,3-2,,286,403,0,98,Cullen J.,Van den Bergh D.
6,3-2,,146,403,140,0,Cullen J.,Van den Bergh D.
7,3-2,,146,356,0,47,Cullen J.,Van den Bergh D.
8,3-2,,88,356,58,0,Cullen J.,Van den Bergh D.
9,3-2,,88,308,0,48,Cullen J.,Van den Bergh D.
10,3-2,,32,308,56,0,Cullen J.,Van den Bergh D.
11,3-2,,32,227,0,81,Cullen J.,Van den Bergh D.
0,1-0,VERLORENER ANWURF Away,501,469,0,32,Humphries L.,Clayton J.
1,1-0,VERLORENER ANWURF Away,469,469,32,0,Humphries L.,Clayton J.
2,1-0,VERLORENER ANWURF Away,469,289,0,180,Humphries L.,Clayton J.
3,1-0,VERLORENER ANWURF Away,289,289,180,0,Humphries L.,Clayton J.
4,1-0,VERLORENER ANWURF Away,289,223,0,66,Humphries L.,Clayton J.
5,1-0,VERLORENER ANWURF Away,155,223,134,0,Humphries L.,Clayton J.
6,1-0,VERLORENER ANWURF Away,155,130,0,93,Humphries L.,Clayton J.
7,1-0,VERLORENER ANWURF Away,38,130,117,0,Humphries L.,Clayton J.
8,1-0,VERLORENER ANWURF Away,38,30,0,100,Humphries L.,Clayton J.
0,2-0,,409,501,92,0,Humphries L.,Clayton J.
1,2-0,,409,417,0,84,Humphries L.,Clayton J.
2,2-0,,288,417,121,0,Humphries L.,Clayton J.
3,2-0,,288,317,0,100,Humphries L.,Clayton J.
4,2-0,,163,317,125,0,Humphries L.,Clayton J.
5,2-0,,163,258,0,59,Humphries L.,Clayton J.
6,2-0,,106,258,57,0,Humphries L.,Clayton J.
7,2-0,,106,158,0,100,Humphries L.,Clayton J.
8,2-0,,8,158,98,0,Humphries L.,Clayton J.
9,2-0,,8,24,0,134,Humphries L.,Clayton J.
0,2-1,,501,408,0,93,Humphries L.,Clayton J.
1,2-1,,349,408,152,0,Humphries L.,Clayton J.
2,2-1,,349,268,0,140,Humphries L.,Clayton J.
3,2-1,,302,268,47,0,Humphries L.,Clayton J.
4,2-1,,302,168,0,100,Humphries L.,Clayton J.
5,2-1,,249,168,53,0,Humphries L.,Clayton J.
6,2-1,,249,108,0,60,Humphries L.,Clayton J.
7,2-1,,109,108,140,0,Humphries L.,Clayton J.
8,2-1,,109,54,0,54,Humphries L.,Clayton J.
9,2-1,,16,54,93,0,Humphries L.,Clayton J.
10,2-1,,16,40,0,14,Humphries L.,Clayton J.
11,2-1,,2,40,14,0,Humphries L.,Clayton J.
0,3-1,,449,501,52,0,Humphries L.,Clayton J.
1,3-1,,449,477,0,24,Humphries L.,Clayton J.
2,3-1,,390,477,59,0,Humphries L.,Clayton J.
3,3-1,,390,392,0,85,Humphries L.,Clayton J.
4,3-1,,210,392,180,0,Humphries L.,Clayton J.
5,3-1,,210,292,0,100,Humphries L.,Clayton J.
6,3-1,,111,292,99,0,Humphries L.,Clayton J.
7,3-1,,111,192,0,100,Humphries L.,Clayton J.
8,3-1,,12,192,99,0,Humphries L.,Clayton J.
9,3-1,,12,162,0,30,Humphries L.,Clayton J.
0,1-0,,345,501,156,0,Cross R.,Joyce R.
1,1-0,,345,409,0,92,Cross R.,Joyce R.
2,1-0,,245,409,100,0,Cross R.,Joyce R.
3,1-0,,245,309,0,100,Cross R.,Joyce R.
4,1-0,,160,309,85,0,Cross R.,Joyce R.
5,1-0,,160,213,0,96,Cross R.,Joyce R.
6,1-0,,60,213,100,0,Cross R.,Joyce R.
7,1-0,,60,113,0,100,Cross R.,Joyce R.
0,1-1,,501,430,0,71,Cross R.,Joyce R.
1,1-1,,425,430,76,0,Cross R.,Joyce R.
2,1-1,,425,290,0,140,Cross R.,Joyce R.
3,1-1,,325,290,100,0,Cross R.,Joyce R.
4,1-1,,325,194,0,96,Cross R.,Joyce R.
5,1-1,,266,194,59,0,Cross R.,Joyce R.
6,1-1,,266,136,0,58,Cross R.,Joyce R.
7,1-1,,237,136,29,0,Cross R.,Joyce R.
8,1-1,,237,36,0,100,Cross R.,Joyce R.
9,1-1,,97,36,140,0,Cross R.,Joyce R.
0,2-1,,450,501,51,0,Cross R.,Joyce R.
1,2-1,,450,466,0,35,Cross R.,Joyce R.
2,2-1,,350,466,100,0,Cross R.,Joyce R.
3,2-1,,350,381,0,85,Cross R.,Joyce R.
4,2-1,,250,381,100,0,Cross R.,Joyce R.
5,2-1,,250,336,0,45,Cross R.,Joyce R.
6,2-1,,190,336,60,0,Cross R.,Joyce R.
7,2-1,,190,276,0,60,Cross R.,Joyce R.
8,2-1,,52,276,138,0,Cross R.,Joyce R.
9,2-1,,52,218,0,58,Cross R.,Joyce R.
10,2-1,,32,218,20,0,Cross R.,Joyce R.
11,2-1,,32,160,0,58,Cross R.,Joyce R.
12,2-1,,16,160,16,0,Cross R.,Joyce R.
13,2-1,,16,40,0,120,Cross R.,Joyce R.
0,3-1,VERLORENER ANWURF Away,501,390,0,111,Cross R.,Joyce R.
1,3-1,VERLORENER ANWURF Away,345,390,156,0,Cross R.,Joyce R.
2,3-1,VERLORENER ANWURF Away,345,250,0,140,Cross R.,Joyce R.
3,3-1,VERLORENER ANWURF Away,222,250,123,0,Cross R.,Joyce R.
4,3-1,VERLORENER ANWURF Away,222,190,0,60,Cross R.,Joyce R.
5,3-1,VERLORENER ANWURF Away,82,190,140,0,Cross R.,Joyce R.
6,3-1,VERLORENER ANWURF Away,82,90,0,100,Cross R.,Joyce R.
0,0-1,VERLORENER ANWURF Home,393,501,108,0,De Decker M.,Wade J.
1,0-1,VERLORENER ANWURF Home,393,341,0,160,De Decker M.,Wade J.
2,0-1,VERLORENER ANWURF Home,259,341,134,0,De Decker M.,Wade J.
3,0-1,VERLORENER ANWURF Home,259,201,0,140,De Decker M.,Wade J.
4,0-1,VERLORENER ANWURF Home,157,201,102,0,De Decker M.,Wade J.
5,0-1,VERLORENER ANWURF Home,157,106,0,95,De Decker M.,Wade J.
6,0-1,VERLORENER ANWURF Home,112,106,45,0,De Decker M.,Wade J.
0,1-1,VERLORENER ANWURF Away,501,501,0,0,De Decker M.,Wade J.
1,1-1,VERLORENER ANWURF Away,412,501,89,0,De Decker M.,Wade J.
2,1-1,VERLORENER ANWURF Away,412,461,0,40,De Decker M.,Wade J.
3,1-1,VERLORENER ANWURF Away,278,461,134,0,De Decker M.,Wade J.
4,1-1,VERLORENER ANWURF Away,278,327,0,134,De Decker M.,Wade J.
5,1-1,VERLORENER ANWURF Away,218,327,60,0,De Decker M.,Wade J.
6,1-1,VERLORENER ANWURF Away,218,187,0,140,De Decker M.,Wade J.
7,1-1,VERLORENER ANWURF Away,78,187,140,0,De Decker M.,Wade J.
8,1-1,VERLORENER ANWURF Away,78,58,0,129,De Decker M.,Wade J.
0,1-2,VERLORENER ANWURF Home,469,501,32,0,De Decker M.,Wade J.
1,1-2,VERLORENER ANWURF Home,469,381,0,120,De Decker M.,Wade J.
2,1-2,VERLORENER ANWURF Home,289,381,180,0,De Decker M.,Wade J.
3,1-2,VERLORENER ANWURF Home,289,201,0,180,De Decker M.,Wade J.
4,1-2,VERLORENER ANWURF Home,206,201,83,0,De Decker M.,Wade J.
5,1-2,VERLORENER ANWURF Home,206,105,0,96,De Decker M.,Wade J.
6,1-2,VERLORENER ANWURF Home,112,105,94,0,De Decker M.,Wade J.
0,2-2,VERLORENER ANWURF Away,501,421,0,80,De Decker M.,Wade J.
1,2-2,VERLORENER ANWURF Away,355,421,146,0,De Decker M.,Wade J.
2,2-2,VERLORENER ANWURF Away,355,363,0,58,De Decker M.,Wade J.
3,2-2,VERLORENER ANWURF Away,218,363,137,0,De Decker M.,Wade J.
4,2-2,VERLORENER ANWURF Away,218,303,0,60,De Decker M.,Wade J.
5,2-2,VERLORENER ANWURF Away,118,303,100,0,De Decker M.,Wade J.
6,2-2,VERLORENER ANWURF Away,118,246,0,57,De Decker M.,Wade J.
7,2-2,VERLORENER ANWURF Away,19,246,99,0,De Decker M.,Wade J.
8,2-2,VERLORENER ANWURF Away,19,186,0,60,De Decker M.,Wade J.
0,3-2,,355,501,146,0,De Decker M.,Wade J.
1,3-2,,355,481,0,20,De Decker M.,Wade J.
2,3-2,,259,481,96,0,De Decker M.,Wade J.
3,3-2,,259,301,0,180,De Decker M.,Wade J.
4,3-2,,157,301,102,0,De Decker M.,Wade J.
5,3-2,,157,161,0,140,De Decker M.,Wade J.
6,3-2,,66,161,91,0,De Decker M.,Wade J.
7,3-2,,66,24,0,137,De Decker M.,Wade J.
0,1-0,,446,501,55,0,Chisnall D.,Van den Bergh D.
1,1-0,,446,448,0,53,Chisnall D.,Van den Bergh D.
2,1-0,,306,448,140,0,Chisnall D.,Van den Bergh D.
3,1-0,,306,390,0,58,Chisnall D.,Van den Bergh D.
4,1-0,,207,390,99,0,Chisnall D.,Van den Bergh D.
5,1-0,,207,256,0,134,Chisnall D.,Van den Bergh D.
6,1-0,,149,256,58,0,Chisnall D.,Van den Bergh D.
7,1-0,,149,196,0,60,Chisnall D.,Van den Bergh D.
8,1-0,,32,196,117,0,Chisnall D.,Van den Bergh D.
9,1-0,,32,56,0,140,Chisnall D.,Van den Bergh D.
0,1-1,,501,392,0,109,Chisnall D.,Van den Bergh D.
1,1-1,,381,392,120,0,Chisnall D.,Van den Bergh D.
2,1-1,,381,252,0,140,Chisnall D.,Van den Bergh D.
3,1-1,,336,252,45,0,Chisnall D.,Van den Bergh D.
4,1-1,,336,129,0,123,Chisnall D.,Van den Bergh D.
5,1-1,,196,129,140,0,Chisnall D.,Van den Bergh D.
6,1-1,,196,52,0,77,Chisnall D.,Van den Bergh D.
7,1-1,,56,52,140,0,Chisnall D.,Van den Bergh D.
0,2-1,,381,501,120,0,Chisnall D.,Van den Bergh D.
1,2-1,,381,501,0,0,Chisnall D.,Van den Bergh D.
2,2-1,,258,501,123,0,Chisnall D.,Van den Bergh D.
3,2-1,,258,449,0,52,Chisnall D.,Van den Bergh D.
4,2-1,,118,449,140,0,Chisnall D.,Van den Bergh D.
5,2-1,,118,381,0,68,Chisnall D.,Van den Bergh D.
6,2-1,,40,381,78,0,Chisnall D.,Van den Bergh D.
7,2-1,,40,285,0,96,Chisnall D.,Van den Bergh D.
8,2-1,,5,285,35,0,Chisnall D.,Van den Bergh D.
9,2-1,,5,151,0,134,Chisnall D.,Van den Bergh D.
0,3-1,VERLORENER ANWURF Away,501,501,0,0,Chisnall D.,Van den Bergh D.
1,3-1,VERLORENER ANWURF Away,461,501,40,0,Chisnall D.,Van den Bergh D.
2,3-1,VERLORENER ANWURF Away,461,469,0,32,Chisnall D.,Van den Bergh D.
3,3-1,VERLORENER ANWURF Away,321,469,140,0,Chisnall D.,Van den Bergh D.
4,3-1,VERLORENER ANWURF Away,321,369,0,100,Chisnall D.,Van den Bergh D.
5,3-1,VERLORENER ANWURF Away,221,369,100,0,Chisnall D.,Van den Bergh D.
6,3-1,VERLORENER ANWURF Away,221,309,0,60,Chisnall D.,Van den Bergh D.
7,3-1,VERLORENER ANWURF Away,95,176,126,133,Chisnall D.,Van den Bergh D.
8,3-1,VERLORENER ANWURF Away,95,76,0,100,Chisnall D.,Van den Bergh D.
9,3-1,VERLORENER ANWURF Away,19,76,76,0,Chisnall D.,Van den Bergh D.
10,3-1,VERLORENER ANWURF Away,19,36,0,40,Chisnall D.,Van den Bergh D.
11,3-1,VERLORENER ANWURF Away,8,36,11,0,Chisnall D.,Van den Bergh D.
12,3-1,VERLORENER ANWURF Away,8,36,0,0,Chisnall D.,Van den Bergh D.
0,1-0,VERLORENER ANWURF Away,501,469,0,32,Gurney D.,Cullen J.
1,1-0,VERLORENER ANWURF Away,485,469,16,0,Gurney D.,Cullen J.
2,1-0,VERLORENER ANWURF Away,485,373,0,96,Gurney D.,Cullen J.
3,1-0,VERLORENER ANWURF Away,385,373,100,0,Gurney D.,Cullen J.
4,1-0,VERLORENER ANWURF Away,385,233,0,140,Gurney D.,Cullen J.
5,1-0,VERLORENER ANWURF Away,245,233,140,0,Gurney D.,Cullen J.
6,1-0,VERLORENER ANWURF Away,245,100,0,133,Gurney D.,Cullen J.
7,1-0,VERLORENER ANWURF Away,145,100,100,0,Gurney D.,Cullen J.
8,1-0,VERLORENER ANWURF Away,145,40,0,60,Gurney D.,Cullen J.
9,1-0,VERLORENER ANWURF Away,86,40,59,0,Gurney D.,Cullen J.
10,1-0,VERLORENER ANWURF Away,86,20,0,20,Gurney D.,Cullen J.
0,2-0,,465,501,36,0,Gurney D.,Cullen J.
1,2-0,,465,446,0,55,Gurney D.,Cullen J.
2,2-0,,382,446,83,0,Gurney D.,Cullen J.
3,2-0,,382,350,0,96,Gurney D.,Cullen J.
4,2-0,,282,350,100,0,Gurney D.,Cullen J.
5,2-0,,282,270,0,80,Gurney D.,Cullen J.
6,2-0,,222,270,60,0,Gurney D.,Cullen J.
7,2-0,,222,210,0,60,Gurney D.,Cullen J.
8,2-0,,101,210,121,0,Gurney D.,Cullen J.
9,2-0,,101,70,0,140,Gurney D.,Cullen J.
10,2-0,,32,70,69,0,Gurney D.,Cullen J.
11,2-0,,32,32,0,38,Gurney D.,Cullen J.
0,2-1,,501,409,0,92,Gurney D.,Cullen J.
1,2-1,,501,409,0,0,Gurney D.,Cullen J.
2,2-1,,501,286,0,123,Gurney D.,Cullen J.
3,2-1,,501,286,0,0,Gurney D.,Cullen J.
4,2-1,,501,171,0,115,Gurney D.,Cullen J.
5,2-1,,501,171,0,0,Gurney D.,Cullen J.
6,2-1,,501,128,0,43,Gurney D.,Cullen J.
7,2-1,,408,128,93,0,Gurney D.,Cullen J.
8,2-1,,408,32,0,96,Gurney D.,Cullen J.
9,2-1,,283,32,125,0,Gurney D.,Cullen J.
0,3-1,,450,501,51,0,Gurney D.,Cullen J.
1,3-1,,450,465,0,36,Gurney D.,Cullen J.
2,3-1,,310,465,140,0,Gurney D.,Cullen J.
3,3-1,,310,285,0,180,Gurney D.,Cullen J.
4,3-1,,170,285,140,0,Gurney D.,Cullen J.
5,3-1,,170,186,0,99,Gurney D.,Cullen J.
6,3-1,,72,186,98,0,Gurney D.,Cullen J.
7,3-1,,72,16,0,170,Gurney D.,Cullen J.
0,0-1,,501,461,0,40,Price G.,Wade J.
1,0-1,,456,461,45,0,Price G.,Wade J.
2,0-1,,456,368,0,93,Price G.,Wade J.
3,0-1,,356,368,100,0,Price G.,Wade J.
4,0-1,,356,268,0,100,Price G.,Wade J.
5,0-1,,219,268,137,0,Price G.,Wade J.
6,0-1,,219,176,0,92,Price G.,Wade J.
7,0-1,,170,176,49,0,Price G.,Wade J.
8,0-1,,170,36,0,140,Price G.,Wade J.
9,0-1,,30,36,140,0,Price G.,Wade J.
0,1-1,,473,501,28,0,Price G.,Wade J.
1,1-1,,473,421,0,80,Price G.,Wade J.
2,1-1,,413,421,60,0,Price G.,Wade J.
3,1-1,,413,325,0,96,Price G.,Wade J.
4,1-1,,373,325,40,0,Price G.,Wade J.
5,1-1,,373,265,0,60,Price G.,Wade J.
6,1-1,,273,265,100,0,Price G.,Wade J.
7,1-1,,273,168,0,97,Price G.,Wade J.
8,1-1,,224,168,49,0,Price G.,Wade J.
9,1-1,,224,40,0,128,Price G.,Wade J.
10,1-1,,124,40,100,0,Price G.,Wade J.
11,1-1,,124,40,0,0,Price G.,Wade J.
12,1-1,,25,40,99,0,Price G.,Wade J.
13,1-1,,25,5,0,35,Price G.,Wade J.
0,1-2,,501,421,0,80,Price G.,Wade J.
1,1-2,,421,421,80,0,Price G.,Wade J.
2,1-2,,421,287,0,134,Price G.,Wade J.
3,1-2,,366,287,55,0,Price G.,Wade J.
4,1-2,,366,187,0,100,Price G.,Wade J.
5,1-2,,270,187,96,0,Price G.,Wade J.
6,1-2,,270,56,0,131,Price G.,Wade J.
7,1-2,,130,56,140,0,Price G.,Wade J.
0,2-2,,384,501,117,0,Price G.,Wade J.
1,2-2,,384,441,0,60,Price G.,Wade J.
2,2-2,,244,441,140,0,Price G.,Wade J.
3,2-2,,244,381,0,60,Price G.,Wade J.
4,2-2,,184,381,60,0,Price G.,Wade J.
5,2-2,,184,321,0,60,Price G.,Wade J.
6,2-2,,114,321,70,0,Price G.,Wade J.
7,2-2,,114,181,0,140,Price G.,Wade J.
8,2-2,,20,181,94,0,Price G.,Wade J.
9,2-2,,20,100,0,81,Price G.,Wade J.
0,2-3,,501,422,0,79,Price G.,Wade J.
1,2-3,,473,422,28,0,Price G.,Wade J.
2,2-3,,473,323,0,99,Price G.,Wade J.
3,2-3,,293,323,180,0,Price G.,Wade J.
4,2-3,,293,263,0,60,Price G.,Wade J.
5,2-3,,235,263,58,0,Price G.,Wade J.
6,2-3,,235,170,0,93,Price G.,Wade J.
7,2-3,,135,170,100,0,Price G.,Wade J.
8,2-3,,135,25,0,145,Price G.,Wade J.
9,2-3,,65,25,70,0,Price G.,Wade J.
0,0-1,,501,412,0,89,Anderson G.,De Decker M.
1,0-1,,445,412,56,0,Anderson G.,De Decker M.
2,0-1,,445,312,0,100,Anderson G.,De Decker M.
3,0-1,,305,312,140,0,Anderson G.,De Decker M.
4,0-1,,305,177,0,135,Anderson G.,De Decker M.
5,0-1,,165,177,140,0,Anderson G.,De Decker M.
6,0-1,,165,40,0,137,Anderson G.,De Decker M.
7,0-1,,68,40,97,0,Anderson G.,De Decker M.
0,0-2,VERLORENER ANWURF Home,381,501,120,0,Anderson G.,De Decker M.
1,0-2,VERLORENER ANWURF Home,381,412,0,89,Anderson G.,De Decker M.
2,0-2,VERLORENER ANWURF Home,323,412,58,0,Anderson G.,De Decker M.
3,0-2,VERLORENER ANWURF Home,323,352,0,60,Anderson G.,De Decker M.
4,0-2,VERLORENER ANWURF Home,241,352,82,0,Anderson G.,De Decker M.
5,0-2,VERLORENER ANWURF Home,241,254,0,98,Anderson G.,De Decker M.
6,0-2,VERLORENER ANWURF Home,61,254,180,0,Anderson G.,De Decker M.
7,0-2,VERLORENER ANWURF Home,61,74,0,180,Anderson G.,De Decker M.
8,0-2,VERLORENER ANWURF Home,40,74,21,0,Anderson G.,De Decker M.
0,0-3,,501,463,0,38,Anderson G.,De Decker M.
1,0-3,,501,463,0,0,Anderson G.,De Decker M.
2,0-3,,501,283,0,180,Anderson G.,De Decker M.
3,0-3,,461,283,40,0,Anderson G.,De Decker M.
4,0-3,,461,149,0,134,Anderson G.,De Decker M.
5,0-3,,421,149,40,0,Anderson G.,De Decker M.
6,0-3,,421,90,0,59,Anderson G.,De Decker M.
7,0-3,,281,90,140,0,Anderson G.,De Decker M.
8,0-3,,281,40,0,50,Anderson G.,De Decker M.
9,0-3,,221,40,60,0,Anderson G.,De Decker M.
0,0-1,VERLORENER ANWURF Home,501,501,0,0,Clayton J.,Smith R.
1,0-1,VERLORENER ANWURF Home,501,429,0,72,Clayton J.,Smith R.
2,0-1,VERLORENER ANWURF Home,501,429,0,0,Clayton J.,Smith R.
3,0-1,VERLORENER ANWURF Home,501,399,0,30,Clayton J.,Smith R.
4,0-1,VERLORENER ANWURF Home,429,399,72,0,Clayton J.,Smith R.
5,0-1,VERLORENER ANWURF Home,429,299,0,100,Clayton J.,Smith R.
6,0-1,VERLORENER ANWURF Home,369,299,60,0,Clayton J.,Smith R.
7,0-1,VERLORENER ANWURF Home,369,119,0,180,Clayton J.,Smith R.
8,0-1,VERLORENER ANWURF Home,234,119,135,0,Clayton J.,Smith R.
9,0-1,VERLORENER ANWURF Home,234,20,0,99,Clayton J.,Smith R.
10,0-1,VERLORENER ANWURF Home,174,20,60,0,Clayton J.,Smith R.
0,0-2,,501,429,0,72,Clayton J.,Smith R.
1,0-2,,501,429,0,0,Clayton J.,Smith R.
2,0-2,,501,249,0,180,Clayton J.,Smith R.
3,0-2,,449,249,52,0,Clayton J.,Smith R.
4,0-2,,449,209,0,40,Clayton J.,Smith R.
5,0-2,,269,209,180,0,Clayton J.,Smith R.
6,0-2,,269,149,0,60,Clayton J.,Smith R.
7,0-2,,132,149,137,0,Clayton J.,Smith R.
0,0-3,VERLORENER ANWURF Home,501,501,0,0,Clayton J.,Smith R.
1,0-3,VERLORENER ANWURF Home,501,367,0,134,Clayton J.,Smith R.
2,0-3,VERLORENER ANWURF Home,461,367,40,0,Clayton J.,Smith R.
3,0-3,VERLORENER ANWURF Home,461,233,0,134,Clayton J.,Smith R.
4,0-3,VERLORENER ANWURF Home,324,233,137,0,Clayton J.,Smith R.
5,0-3,VERLORENER ANWURF Home,324,173,0,60,Clayton J.,Smith R.
6,0-3,VERLORENER ANWURF Home,224,173,100,0,Clayton J.,Smith R.
7,0-3,VERLORENER ANWURF Home,224,40,0,133,Clayton J.,Smith R.
8,0-3,VERLORENER ANWURF Home,84,40,140,0,Clayton J.,Smith R.
0,1-0,,430,501,71,0,Humphries L.,Pietreczko R.
1,1-0,,430,381,0,120,Humphries L.,Pietreczko R.
2,1-0,,352,381,78,0,Humphries L.,Pietreczko R.
3,1-0,,352,340,0,41,Humphries L.,Pietreczko R.
4,1-0,,212,340,140,0,Humphries L.,Pietreczko R.
5,1-0,,212,257,0,83,Humphries L.,Pietreczko R.
6,1-0,,112,257,100,0,Humphries L.,Pietreczko R.
7,1-0,,112,160,0,97,Humphries L.,Pietreczko R.
8,1-0,,32,160,80,0,Humphries L.,Pietreczko R.
9,1-0,,32,119,0,41,Humphries L.,Pietreczko R.
0,2-0,VERLORENER ANWURF Away,501,384,0,117,Humphries L.,Pietreczko R.
1,2-0,VERLORENER ANWURF Away,394,384,107,0,Humphries L.,Pietreczko R.
2,2-0,VERLORENER ANWURF Away,394,250,0,134,Humphries L.,Pietreczko R.
3,2-0,VERLORENER ANWURF Away,339,250,55,0,Humphries L.,Pietreczko R.
4,2-0,VERLORENER ANWURF Away,339,195,0,55,Humphries L.,Pietreczko R.
5,2-0,VERLORENER ANWURF Away,279,195,60,0,Humphries L.,Pietreczko R.
6,2-0,VERLORENER ANWURF Away,279,95,0,100,Humphries L.,Pietreczko R.
7,2-0,VERLORENER ANWURF Away,139,95,140,0,Humphries L.,Pietreczko R.
8,2-0,VERLORENER ANWURF Away,139,25,0,70,Humphries L.,Pietreczko R.
9,2-0,VERLORENER ANWURF Away,16,25,123,0,Humphries L.,Pietreczko R.
10,2-0,VERLORENER ANWURF Away,16,4,0,21,Humphries L.,Pietreczko R.
0,3-0,,409,501,92,0,Humphries L.,Pietreczko R.
1,3-0,,409,501,0,0,Humphries L.,Pietreczko R.
2,3-0,,269,501,140,0,Humphries L.,Pietreczko R.
3,3-0,,269,381,0,120,Humphries L.,Pietreczko R.
4,3-0,,170,381,99,0,Humphries L.,Pietreczko R.
5,3-0,,170,295,0,86,Humphries L.,Pietreczko R.
6,3-0,,74,295,96,0,Humphries L.,Pietreczko R.
7,3-0,,74,195,0,100,Humphries L.,Pietreczko R.
8,3-0,,40,195,34,0,Humphries L.,Pietreczko R.
9,3-0,,40,24,0,171,Humphries L.,Pietreczko R.
0,1-0,,385,501,116,0,Cross R.,Schindler M.
1,1-0,,385,381,0,120,Cross R.,Schindler M.
2,1-0,,251,381,134,0,Cross R.,Schindler M.
3,1-0,,251,326,0,55,Cross R.,Schindler M.
4,1-0,,111,326,140,0,Cross R.,Schindler M.
5,1-0,,111,233,0,93,Cross R.,Schindler M.
6,1-0,,32,233,79,0,Cross R.,Schindler M.
7,1-0,,32,134,0,99,Cross R.,Schindler M.
8,1-0,,8,134,24,0,Cross R.,Schindler M.
9,1-0,,8,76,0,58,Cross R.,Schindler M.
0,2-0,VERLORENER ANWURF Away,501,501,0,0,Cross R.,Schindler M.
1,2-0,VERLORENER ANWURF Away,426,501,75,0,Cross R.,Schindler M.
2,2-0,VERLORENER ANWURF Away,426,461,0,40,Cross R.,Schindler M.
3,2-0,VERLORENER ANWURF Away,291,461,135,0,Cross R.,Schindler M.
4,2-0,VERLORENER ANWURF Away,291,281,0,180,Cross R.,Schindler M.
5,2-0,VERLORENER ANWURF Away,231,281,60,0,Cross R.,Schindler M.
6,2-0,VERLORENER ANWURF Away,231,222,0,59,Cross R.,Schindler M.
7,2-0,VERLORENER ANWURF Away,142,222,89,0,Cross R.,Schindler M.
8,2-0,VERLORENER ANWURF Away,142,82,0,140,Cross R.,Schindler M.
9,2-0,VERLORENER ANWURF Away,24,82,118,0,Cross R.,Schindler M.
10,2-0,VERLORENER ANWURF Away,24,25,0,57,Cross R.,Schindler M.
0,3-0,,426,501,75,0,Cross R.,Schindler M.
1,3-0,,426,422,0,79,Cross R.,Schindler M.
2,3-0,,292,422,134,0,Cross R.,Schindler M.
3,3-0,,292,322,0,100,Cross R.,Schindler M.
4,3-0,,192,322,100,0,Cross R.,Schindler M.
5,3-0,,192,222,0,100,Cross R.,Schindler M.
6,3-0,,52,222,140,0,Cross R.,Schindler M.
7,3-0,,52,164,0,58,Cross R.,Schindler M.
0,1-0,,421,501,80,0,Aspinall N.,Joyce R.
1,1-0,,421,412,0,89,Aspinall N.,Joyce R.
2,1-0,,366,412,55,0,Aspinall N.,Joyce R.
3,1-0,,366,312,0,100,Aspinall N.,Joyce R.
4,1-0,,270,312,96,0,Aspinall N.,Joyce R.
5,1-0,,270,216,0,96,Aspinall N.,Joyce R.
6,1-0,,90,216,180,0,Aspinall N.,Joyce R.
7,1-0,,90,134,0,82,Aspinall N.,Joyce R.
8,1-0,,40,134,50,0,Aspinall N.,Joyce R.
9,1-0,,40,50,0,84,Aspinall N.,Joyce R.
0,1-1,,501,501,0,0,Aspinall N.,Joyce R.
1,1-1,,458,501,43,0,Aspinall N.,Joyce R.
2,1-1,,458,393,0,108,Aspinall N.,Joyce R.
3,1-1,,358,393,100,0,Aspinall N.,Joyce R.
4,1-1,,358,293,0,100,Aspinall N.,Joyce R.
5,1-1,,258,293,100,0,Aspinall N.,Joyce R.
6,1-1,,258,153,0,140,Aspinall N.,Joyce R.
7,1-1,,173,153,85,0,Aspinall N.,Joyce R.
8,1-1,,173,16,0,137,Aspinall N.,Joyce R.
9,1-1,,78,16,95,0,Aspinall N.,Joyce R.
0,2-1,,501,501,0,0,Aspinall N.,Joyce R.
1,2-1,,501,501,0,0,Aspinall N.,Joyce R.
2,2-1,,401,501,100,0,Aspinall N.,Joyce R.
3,2-1,,401,501,0,0,Aspinall N.,Joyce R.
4,2-1,,301,501,100,0,Aspinall N.,Joyce R.
5,2-1,,301,428,0,73,Aspinall N.,Joyce R.
6,2-1,,241,428,60,0,Aspinall N.,Joyce R.
7,2-1,,241,335,0,93,Aspinall N.,Joyce R.
8,2-1,,101,335,140,0,Aspinall N.,Joyce R.
9,2-1,,101,287,0,48,Aspinall N.,Joyce R.
0,2-2,,501,393,0,108,Aspinall N.,Joyce R.
1,2-2,,441,393,60,0,Aspinall N.,Joyce R.
2,2-2,,441,297,0,96,Aspinall N.,Joyce R.
3,2-2,,310,297,131,0,Aspinall N.,Joyce R.
4,2-2,,310,163,0,134,Aspinall N.,Joyce R.
5,2-2,,250,163,60,0,Aspinall N.,Joyce R.
6,2-2,,250,35,0,128,Aspinall N.,Joyce R.
7,2-2,,110,35,140,0,Aspinall N.,Joyce R.
8,2-2,,110,16,0,19,Aspinall N.,Joyce R.
9,2-2,,20,16,90,0,Aspinall N.,Joyce R.
0,3-2,,381,501,120,0,Aspinall N.,Joyce R.
1,3-2,,381,455,0,46,Aspinall N.,Joyce R.
2,3-2,,324,455,57,0,Aspinall N.,Joyce R.
3,3-2,,324,315,0,140,Aspinall N.,Joyce R.
4,3-2,,144,315,180,0,Aspinall N.,Joyce R.
5,3-2,,144,228,0,87,Aspinall N.,Joyce R.
6,3-2,,12,228,132,0,Aspinall N.,Joyce R.
7,3-2,,12,170,0,58,Aspinall N.,Joyce R.
0,1-0,,501,501,0,0,Dobey C.,Cullen J.
1,1-0,,501,445,0,56,Dobey C.,Cullen J.
2,1-0,,355,445,146,0,Dobey C.,Cullen J.
3,1-0,,355,311,0,134,Dobey C.,Cullen J.
4,1-0,,215,311,140,0,Dobey C.,Cullen J.
5,1-0,,215,131,0,180,Dobey C.,Cullen J.
6,1-0,,156,131,59,0,Dobey C.,Cullen J.
7,1-0,,156,32,0,99,Dobey C.,Cullen J.
8,1-0,,66,32,90,0,Dobey C.,Cullen J.
9,1-0,,66,16,0,16,Dobey C.,Cullen J.
10,1-0,,18,16,48,0,Dobey C.,Cullen J.
11,1-0,,18,16,0,0,Dobey C.,Cullen J.
0,2-0,VERLORENER ANWURF Away,501,465,0,36,Dobey C.,Cullen J.
1,2-0,VERLORENER ANWURF Away,441,465,60,0,Dobey C.,Cullen J.
2,2-0,VERLORENER ANWURF Away,441,369,0,96,Dobey C.,Cullen J.
3,2-0,VERLORENER ANWURF Away,358,369,83,0,Dobey C.,Cullen J.
4,2-0,VERLORENER ANWURF Away,358,235,0,134,Dobey C.,Cullen J.
5,2-0,VERLORENER ANWURF Away,184,235,174,0,Dobey C.,Cullen J.
6,2-0,VERLORENER ANWURF Away,184,105,0,130,Dobey C.,Cullen J.
7,2-0,VERLORENER ANWURF Away,84,105,100,0,Dobey C.,Cullen J.
8,2-0,VERLORENER ANWURF Away,84,48,0,57,Dobey C.,Cullen J.
0,2-1,VERLORENER ANWURF Home,430,501,71,0,Dobey C.,Cullen J.
1,2-1,VERLORENER ANWURF Home,430,445,0,56,Dobey C.,Cullen J.
2,2-1,VERLORENER ANWURF Home,330,445,100,0,Dobey C.,Cullen J.
3,2-1,VERLORENER ANWURF Home,330,364,0,81,Dobey C.,Cullen J.
4,2-1,VERLORENER ANWURF Home,270,364,60,0,Dobey C.,Cullen J.
5,2-1,VERLORENER ANWURF Home,270,323,0,41,Dobey C.,Cullen J.
6,2-1,VERLORENER ANWURF Home,210,323,60,0,Dobey C.,Cullen J.
7,2-1,VERLORENER ANWURF Home,210,183,0,140,Dobey C.,Cullen J.
8,2-1,VERLORENER ANWURF Home,114,183,96,0,Dobey C.,Cullen J.
9,2-1,VERLORENER ANWURF Home,114,12,0,171,Dobey C.,Cullen J.
10,2-1,VERLORENER ANWURF Home,32,12,82,0,Dobey C.,Cullen J.
0,3-1,VERLORENER ANWURF Away,501,405,0,96,Dobey C.,Cullen J.
1,3-1,VERLORENER ANWURF Away,431,405,70,0,Dobey C.,Cullen J.
2,3-1,VERLORENER ANWURF Away,431,305,0,100,Dobey C.,Cullen J.
3,3-1,VERLORENER ANWURF Away,251,305,180,0,Dobey C.,Cullen J.
4,3-1,VERLORENER ANWURF Away,251,173,0,132,Dobey C.,Cullen J.
5,3-1,VERLORENER ANWURF Away,160,173,91,0,Dobey C.,Cullen J.
6,3-1,VERLORENER ANWURF Away,160,92,0,81,Dobey C.,Cullen J.
0,0-1,VERLORENER ANWURF Home,445,501,56,0,van Gerwen M.,Gurney D.
1,0-1,VERLORENER ANWURF Home,445,450,0,51,van Gerwen M.,Gurney D.
2,0-1,VERLORENER ANWURF Home,347,450,98,0,van Gerwen M.,Gurney D.
3,0-1,VERLORENER ANWURF Home,347,331,0,119,van Gerwen M.,Gurney D.
4,0-1,VERLORENER ANWURF Home,170,331,177,0,van Gerwen M.,Gurney D.
5,0-1,VERLORENER ANWURF Home,170,231,0,100,van Gerwen M.,Gurney D.
6,0-1,VERLORENER ANWURF Home,73,231,97,0,van Gerwen M.,Gurney D.
7,0-1,VERLORENER ANWURF Home,73,51,0,180,van Gerwen M.,Gurney D.
8,0-1,VERLORENER ANWURF Home,40,51,33,0,van Gerwen M.,Gurney D.
0,0-2,,501,501,0,0,van Gerwen M.,Gurney D.
1,0-2,,381,501,120,0,van Gerwen M.,Gurney D.
2,0-2,,381,450,0,51,van Gerwen M.,Gurney D.
3,0-2,,285,450,96,0,van Gerwen M.,Gurney D.
4,0-2,,285,270,0,180,van Gerwen M.,Gurney D.
5,0-2,,225,270,60,0,van Gerwen M.,Gurney D.
6,0-2,,225,130,0,140,van Gerwen M.,Gurney D.
7,0-2,,86,130,139,0,van Gerwen M.,Gurney D.
8,0-2,,86,36,0,94,van Gerwen M.,Gurney D.
9,0-2,,41,36,45,0,van Gerwen M.,Gurney D.
0,0-3,VERLORENER ANWURF Home,469,501,32,0,van Gerwen M.,Gurney D.
1,0-3,VERLORENER ANWURF Home,469,430,0,71,van Gerwen M.,Gurney D.
2,0-3,VERLORENER ANWURF Home,370,430,99,0,van Gerwen M.,Gurney D.
3,0-3,VERLORENER ANWURF Home,370,290,0,140,van Gerwen M.,Gurney D.
4,0-3,VERLORENER ANWURF Home,275,290,95,0,van Gerwen M.,Gurney D.
5,0-3,VERLORENER ANWURF Home,275,190,0,100,van Gerwen M.,Gurney D.
6,0-3,VERLORENER ANWURF Home,216,190,59,0,van Gerwen M.,Gurney D.
7,0-3,VERLORENER ANWURF Home,216,90,0,100,van Gerwen M.,Gurney D.
8,0-3,VERLORENER ANWURF Home,156,90,60,0,van Gerwen M.,Gurney D.
9,0-3,VERLORENER ANWURF Home,156,16,0,74,van Gerwen M.,Gurney D.
10,0-3,VERLORENER ANWURF Home,115,16,41,0,van Gerwen M.,Gurney D.
0,1-0,,421,501,80,0,Smith M.,Anderson G.
1,1-0,,421,456,0,45,Smith M.,Anderson G.
2,1-0,,361,456,60,0,Smith M.,Anderson G.
3,1-0,,361,356,0,100,Smith M.,Anderson G.
4,1-0,,227,356,134,0,Smith M.,Anderson G.
5,1-0,,227,176,0,180,Smith M.,Anderson G.
6,1-0,,47,176,180,0,Smith M.,Anderson G.
7,1-0,,47,8,0,168,Smith M.,Anderson G.
0,1-1,,501,421,0,80,Smith M.,Anderson G.
1,1-1,,450,421,51,0,Smith M.,Anderson G.
2,1-1,,450,376,0,45,Smith M.,Anderson G.
3,1-1,,350,376,100,0,Smith M.,Anderson G.
4,1-1,,350,196,0,180,Smith M.,Anderson G.
5,1-1,,215,196,135,0,Smith M.,Anderson G.
6,1-1,,215,62,0,134,Smith M.,Anderson G.
7,1-1,,120,62,95,0,Smith M.,Anderson G.
8,1-1,,120,40,0,22,Smith M.,Anderson G.
9,1-1,,75,40,45,0,Smith M.,Anderson G.
0,2-1,,381,501,120,0,Smith M.,Anderson G.
1,2-1,,381,341,0,160,Smith M.,Anderson G.
2,2-1,,281,341,100,0,Smith M.,Anderson G.
3,2-1,,281,241,0,100,Smith M.,Anderson G.
4,2-1,,185,241,96,0,Smith M.,Anderson G.
5,2-1,,185,200,0,41,Smith M.,Anderson G.
6,2-1,,24,200,161,0,Smith M.,Anderson G.
7,2-1,,24,60,0,140,Smith M.,Anderson G.
0,3-1,VERLORENER ANWURF Away,501,441,0,60,Smith M.,Anderson G.
1,3-1,VERLORENER ANWURF Away,401,441,100,0,Smith M.,Anderson G.
2,3-1,VERLORENER ANWURF Away,401,301,0,140,Smith M.,Anderson G.
3,3-1,VERLORENER ANWURF Away,316,301,85,0,Smith M.,Anderson G.
4,3-1,VERLORENER ANWURF Away,316,206,0,95,Smith M.,Anderson G.
5,3-1,VERLORENER ANWURF Away,258,206,58,0,Smith M.,Anderson G.
6,3-1,VERLORENER ANWURF Away,258,68,0,138,Smith M.,Anderson G.
7,3-1,VERLORENER ANWURF Away,194,68,64,0,Smith M.,Anderson G.
8,3-1,VERLORENER ANWURF Away,194,8,0,60,Smith M.,Anderson G.
9,3-1,VERLORENER ANWURF Away,150,8,44,0,Smith M.,Anderson G.
10,3-1,VERLORENER ANWURF Away,150,2,0,6,Smith M.,Anderson G.
11,3-1,VERLORENER ANWURF Away,45,2,105,0,Smith M.,Anderson G.
12,3-1,VERLORENER ANWURF Away,45,2,0,0,Smith M.,Anderson G.
0,0-1,,501,401,0,100,Price G.,Noppert D.
1,0-1,,460,401,41,0,Price G.,Noppert D.
2,0-1,,460,267,0,134,Price G.,Noppert D.
3,0-1,,400,267,60,0,Price G.,Noppert D.
4,0-1,,400,127,0,140,Price G.,Noppert D.
5,0-1,,220,127,180,0,Price G.,Noppert D.
6,0-1,,220,40,0,87,Price G.,Noppert D.
7,0-1,,120,40,100,0,Price G.,Noppert D.
0,1-1,,501,501,0,0,Price G.,Noppert D.
1,1-1,,501,460,0,41,Price G.,Noppert D.
2,1-1,,501,460,0,0,Price G.,Noppert D.
3,1-1,,501,380,0,80,Price G.,Noppert D.
4,1-1,,341,380,160,0,Price G.,Noppert D.
5,1-1,,341,200,0,180,Price G.,Noppert D.
6,1-1,,241,200,100,0,Price G.,Noppert D.
7,1-1,,241,103,0,97,Price G.,Noppert D.
8,1-1,,61,103,180,0,Price G.,Noppert D.
9,1-1,,61,20,0,83,Price G.,Noppert D.
0,2-1,VERLORENER ANWURF Away,501,501,0,0,Price G.,Noppert D.
1,2-1,VERLORENER ANWURF Away,501,501,0,0,Price G.,Noppert D.
2,2-1,VERLORENER ANWURF Away,501,392,0,109,Price G.,Noppert D.
3,2-1,VERLORENER ANWURF Away,465,392,36,0,Price G.,Noppert D.
4,2-1,VERLORENER ANWURF Away,465,212,0,180,Price G.,Noppert D.
5,2-1,VERLORENER ANWURF Away,325,212,140,0,Price G.,Noppert D.
6,2-1,VERLORENER ANWURF Away,325,72,0,140,Price G.,Noppert D.
7,2-1,VERLORENER ANWURF Away,185,72,140,0,Price G.,Noppert D.
8,2-1,VERLORENER ANWURF Away,185,20,0,52,Price G.,Noppert D.
9,2-1,VERLORENER ANWURF Away,90,20,95,0,Price G.,Noppert D.
10,2-1,VERLORENER ANWURF Away,90,10,0,10,Price G.,Noppert D.
11,2-1,VERLORENER ANWURF Away,40,10,50,0,Price G.,Noppert D.
12,2-1,VERLORENER ANWURF Away,40,4,0,6,Price G.,Noppert D.
0,3-1,,481,501,20,0,Price G.,Noppert D.
1,3-1,,481,381,0,120,Price G.,Noppert D.
2,3-1,,341,381,140,0,Price G.,Noppert D.
3,3-1,,341,281,0,100,Price G.,Noppert D.
4,3-1,,265,281,76,0,Price G.,Noppert D.
5,3-1,,265,221,0,60,Price G.,Noppert D.
6,3-1,,208,221,57,0,Price G.,Noppert D.
7,3-1,,208,163,0,58,Price G.,Noppert D.
8,3-1,,40,163,168,0,Price G.,Noppert D.
9,3-1,,40,48,0,115,Price G.,Noppert D.
0,0-1,VERLORENER ANWURF Home,414,501,87,0,Wright P.,Wade J.
1,0-1,VERLORENER ANWURF Home,414,420,0,81,Wright P.,Wade J.
2,0-1,VERLORENER ANWURF Home,354,420,60,0,Wright P.,Wade J.
3,0-1,VERLORENER ANWURF Home,354,289,0,131,Wright P.,Wade J.
4,0-1,VERLORENER ANWURF Home,214,289,140,0,Wright P.,Wade J.
5,0-1,VERLORENER ANWURF Home,214,149,0,140,Wright P.,Wade J.
6,0-1,VERLORENER ANWURF Home,114,149,100,0,Wright P.,Wade J.
7,0-1,VERLORENER ANWURF Home,114,28,0,121,Wright P.,Wade J.
8,0-1,VERLORENER ANWURF Home,56,28,58,0,Wright P.,Wade J.
0,0-2,,501,461,0,40,Wright P.,Wade J.
1,0-2,,441,461,60,0,Wright P.,Wade J.
2,0-2,,441,361,0,100,Wright P.,Wade J.
3,0-2,,356,361,85,0,Wright P.,Wade J.
4,0-2,,356,221,0,140,Wright P.,Wade J.
5,0-2,,312,221,44,0,Wright P.,Wade J.
6,0-2,,312,121,0,100,Wright P.,Wade J.
7,0-2,,279,121,33,0,Wright P.,Wade J.
8,0-2,,279,40,0,81,Wright P.,Wade J.
9,0-2,,139,40,140,0,Wright P.,Wade J.
0,1-2,,437,501,64,0,Wright P.,Wade J.
1,1-2,,437,501,0,0,Wright P.,Wade J.
2,1-2,,257,501,180,0,Wright P.,Wade J.
3,1-2,,257,381,0,120,Wright P.,Wade J.
4,1-2,,203,381,54,0,Wright P.,Wade J.
5,1-2,,203,323,0,58,Wright P.,Wade J.
6,1-2,,103,323,100,0,Wright P.,Wade J.
7,1-2,,103,223,0,100,Wright P.,Wade J.
8,1-2,,40,223,63,0,Wright P.,Wade J.
9,1-2,,40,182,0,41,Wright P.,Wade J.
0,2-2,VERLORENER ANWURF Away,501,384,0,117,Wright P.,Wade J.
1,2-2,VERLORENER ANWURF Away,381,384,120,0,Wright P.,Wade J.
2,2-2,VERLORENER ANWURF Away,381,288,0,96,Wright P.,Wade J.
3,2-2,VERLORENER ANWURF Away,281,288,100,0,Wright P.,Wade J.
4,2-2,VERLORENER ANWURF Away,281,188,0,100,Wright P.,Wade J.
5,2-2,VERLORENER ANWURF Away,221,188,60,0,Wright P.,Wade J.
6,2-2,VERLORENER ANWURF Away,221,130,0,58,Wright P.,Wade J.
7,2-2,VERLORENER ANWURF Away,41,130,180,0,Wright P.,Wade J.
8,2-2,VERLORENER ANWURF Away,41,43,0,87,Wright P.,Wade J.
0,3-2,,446,501,55,0,Wright P.,Wade J.
1,3-2,,446,481,0,20,Wright P.,Wade J.
2,3-2,,306,481,140,0,Wright P.,Wade J.
3,3-2,,306,341,0,140,Wright P.,Wade J.
4,3-2,,166,341,140,0,Wright P.,Wade J.
5,3-2,,166,241,0,100,Wright P.,Wade J.
6,3-2,,106,241,60,0,Wright P.,Wade J.
7,3-2,,106,61,0,180,Wright P.,Wade J.
8,3-2,,13,61,93,0,Wright P.,Wade J.
9,3-2,,13,8,0,53,Wright P.,Wade J.
0,0-1,VERLORENER ANWURF Home,447,501,54,0,De Decker M.,Heta D.
1,0-1,VERLORENER ANWURF Home,447,430,0,71,De Decker M.,Heta D.
2,0-1,VERLORENER ANWURF Home,354,430,93,0,De Decker M.,Heta D.
3,0-1,VERLORENER ANWURF Home,354,296,0,134,De Decker M.,Heta D.
4,0-1,VERLORENER ANWURF Home,258,296,96,0,De Decker M.,Heta D.
5,0-1,VERLORENER ANWURF Home,258,199,0,97,De Decker M.,Heta D.
6,0-1,VERLORENER ANWURF Home,164,199,94,0,De Decker M.,Heta D.
7,0-1,VERLORENER ANWURF Home,164,76,0,123,De Decker M.,Heta D.
8,0-1,VERLORENER ANWURF Home,69,76,95,0,De Decker M.,Heta D.
0,0-2,,501,430,0,71,De Decker M.,Heta D.
1,0-2,,450,430,51,0,De Decker M.,Heta D.
2,0-2,,450,330,0,100,De Decker M.,Heta D.
3,0-2,,354,330,96,0,De Decker M.,Heta D.
4,0-2,,354,230,0,100,De Decker M.,Heta D.
5,0-2,,274,230,80,0,De Decker M.,Heta D.
6,0-2,,274,90,0,140,De Decker M.,Heta D.
7,0-2,,218,90,56,0,De Decker M.,Heta D.
0,1-2,,409,501,92,0,De Decker M.,Heta D.
1,1-2,,409,412,0,89,De Decker M.,Heta D.
2,1-2,,350,412,59,0,De Decker M.,Heta D.
3,1-2,,350,358,0,54,De Decker M.,Heta D.
4,1-2,,292,358,58,0,De Decker M.,Heta D.
5,1-2,,292,178,0,180,De Decker M.,Heta D.
6,1-2,,112,178,180,0,De Decker M.,Heta D.
7,1-2,,112,133,0,45,De Decker M.,Heta D.
8,1-2,,112,133,0,0,De Decker M.,Heta D.
9,1-2,,112,76,0,57,De Decker M.,Heta D.
10,1-2,,38,76,74,0,De Decker M.,Heta D.
11,1-2,,38,40,0,36,De Decker M.,Heta D.
0,2-2,VERLORENER ANWURF Away,501,431,0,70,De Decker M.,Heta D.
1,2-2,VERLORENER ANWURF Away,430,431,71,0,De Decker M.,Heta D.
2,2-2,VERLORENER ANWURF Away,430,391,0,40,De Decker M.,Heta D.
3,2-2,VERLORENER ANWURF Away,290,391,140,0,De Decker M.,Heta D.
4,2-2,VERLORENER ANWURF Away,290,331,0,60,De Decker M.,Heta D.
5,2-2,VERLORENER ANWURF Away,150,331,140,0,De Decker M.,Heta D.
6,2-2,VERLORENER ANWURF Away,150,232,0,99,De Decker M.,Heta D.
0,3-2,,450,501,51,0,De Decker M.,Heta D.
1,3-2,,450,393,0,108,De Decker M.,Heta D.
2,3-2,,310,393,140,0,De Decker M.,Heta D.
3,3-2,,310,336,0,57,De Decker M.,Heta D.
4,3-2,,175,336,135,0,De Decker M.,Heta D.
5,3-2,,175,236,0,100,De Decker M.,Heta D.
6,3-2,,116,236,59,0,De Decker M.,Heta D.
7,3-2,,116,56,0,180,De Decker M.,Heta D.
0,1-0,,430,501,71,0,Woodhouse L.,Van den Bergh D.
1,1-0,,430,429,0,72,Woodhouse L.,Van den Bergh D.
2,1-0,,290,429,140,0,Woodhouse L.,Van den Bergh D.
3,1-0,,290,294,0,135,Woodhouse L.,Van den Bergh D.
4,1-0,,150,294,140,0,Woodhouse L.,Van den Bergh D.
5,1-0,,150,236,0,58,Woodhouse L.,Van den Bergh D.
6,1-0,,56,236,94,0,Woodhouse L.,Van den Bergh D.
7,1-0,,56,102,0,134,Woodhouse L.,Van den Bergh D.
0,1-1,,501,449,0,52,Woodhouse L.,Van den Bergh D.
1,1-1,,501,449,0,0,Woodhouse L.,Van den Bergh D.
2,1-1,,501,390,0,59,Woodhouse L.,Van den Bergh D.
3,1-1,,393,390,108,0,Woodhouse L.,Van den Bergh D.
4,1-1,,393,256,0,134,Woodhouse L.,Van den Bergh D.
5,1-1,,294,256,99,0,Woodhouse L.,Van den Bergh D.
6,1-1,,294,156,0,100,Woodhouse L.,Van den Bergh D.
7,1-1,,155,156,139,0,Woodhouse L.,Van den Bergh D.
8,1-1,,155,16,0,140,Woodhouse L.,Van den Bergh D.
9,1-1,,73,16,82,0,Woodhouse L.,Van den Bergh D.
0,2-1,,450,501,51,0,Woodhouse L.,Van den Bergh D.
1,2-1,,450,449,0,52,Woodhouse L.,Van den Bergh D.
2,2-1,,357,449,93,0,Woodhouse L.,Van den Bergh D.
3,2-1,,357,349,0,100,Woodhouse L.,Van den Bergh D.
4,2-1,,232,349,125,0,Woodhouse L.,Van den Bergh D.
5,2-1,,232,249,0,100,Woodhouse L.,Van den Bergh D.
6,2-1,,92,249,140,0,Woodhouse L.,Van den Bergh D.
7,2-1,,92,69,0,180,Woodhouse L.,Van den Bergh D.
0,3-1,VERLORENER ANWURF Away,501,349,0,152,Woodhouse L.,Van den Bergh D.
1,3-1,VERLORENER ANWURF Away,450,349,51,0,Woodhouse L.,Van den Bergh D.
2,3-1,VERLORENER ANWURF Away,450,289,0,60,Woodhouse L.,Van den Bergh D.
3,3-1,VERLORENER ANWURF Away,350,289,100,0,Woodhouse L.,Van den Bergh D.
4,3-1,VERLORENER ANWURF Away,350,149,0,140,Woodhouse L.,Van den Bergh D.
5,3-1,VERLORENER ANWURF Away,216,149,134,0,Woodhouse L.,Van den Bergh D.
6,3-1,VERLORENER ANWURF Away,216,16,0,133,Woodhouse L.,Van den Bergh D.
7,3-1,VERLORENER ANWURF Away,160,16,56,0,Woodhouse L.,Van den Bergh D.
8,3-1,VERLORENER ANWURF Away,160,8,0,8,Woodhouse L.,Van den Bergh D.
9,3-1,VERLORENER ANWURF Away,60,8,100,0,Woodhouse L.,Van den Bergh D.
10,3-1,VERLORENER ANWURF Away,60,4,0,4,Woodhouse L.,Van den Bergh D.
0,1-0,,381,501,120,0,Chisnall D.,Menzies C.
1,1-0,,381,421,0,80,Chisnall D.,Menzies C.
2,1-0,,340,421,41,0,Chisnall D.,Menzies C.
3,1-0,,340,281,0,140,Chisnall D.,Menzies C.
4,1-0,,223,281,117,0,Chisnall D.,Menzies C.
5,1-0,,223,185,0,96,Chisnall D.,Menzies C.
6,1-0,,124,185,99,0,Chisnall D.,Menzies C.
7,1-0,,124,135,0,50,Chisnall D.,Menzies C.
8,1-0,,46,135,78,0,Chisnall D.,Menzies C.
9,1-0,,46,32,0,103,Chisnall D.,Menzies C.
0,2-0,VERLORENER ANWURF Away,501,381,0,120,Chisnall D.,Menzies C.
1,2-0,VERLORENER ANWURF Away,421,381,80,0,Chisnall D.,Menzies C.
2,2-0,VERLORENER ANWURF Away,421,241,0,140,Chisnall D.,Menzies C.
3,2-0,VERLORENER ANWURF Away,321,241,100,0,Chisnall D.,Menzies C.
4,2-0,VERLORENER ANWURF Away,321,107,0,134,Chisnall D.,Menzies C.
5,2-0,VERLORENER ANWURF Away,223,107,98,0,Chisnall D.,Menzies C.
6,2-0,VERLORENER ANWURF Away,223,48,0,59,Chisnall D.,Menzies C.
7,2-0,VERLORENER ANWURF Away,43,48,180,0,Chisnall D.,Menzies C.
8,2-0,VERLORENER ANWURF Away,43,32,0,16,Chisnall D.,Menzies C.
0,3-0,,401,501,100,0,Chisnall D.,Menzies C.
1,3-0,,401,501,0,0,Chisnall D.,Menzies C.
2,3-0,,305,501,96,0,Chisnall D.,Menzies C.
3,3-0,,305,469,0,32,Chisnall D.,Menzies C.
4,3-0,,282,469,23,0,Chisnall D.,Menzies C.
5,3-0,,282,369,0,100,Chisnall D.,Menzies C.
6,3-0,,102,369,180,0,Chisnall D.,Menzies C.
7,3-0,,102,309,0,60,Chisnall D.,Menzies C.
8,3-0,,58,309,44,0,Chisnall D.,Menzies C.
9,3-0,,58,172,0,137,Chisnall D.,Menzies C.
0,0-1,,501,449,0,52,van Veen G.,Smith R.
1,0-1,,449,449,52,0,van Veen G.,Smith R.
2,0-1,,449,391,0,58,van Veen G.,Smith R.
3,0-1,,349,391,100,0,van Veen G.,Smith R.
4,0-1,,349,291,0,100,van Veen G.,Smith R.
5,0-1,,253,291,96,0,van Veen G.,Smith R.
6,0-1,,253,111,0,180,van Veen G.,Smith R.
7,0-1,,113,111,140,0,van Veen G.,Smith R.
8,0-1,,113,32,0,79,van Veen G.,Smith R.
9,0-1,,60,32,53,0,van Veen G.,Smith R.
0,0-2,VERLORENER ANWURF Home,409,501,92,0,van Veen G.,Smith R.
1,0-2,VERLORENER ANWURF Home,409,449,0,52,van Veen G.,Smith R.
2,0-2,VERLORENER ANWURF Home,229,449,180,0,van Veen G.,Smith R.
3,0-2,VERLORENER ANWURF Home,229,315,0,134,van Veen G.,Smith R.
4,0-2,VERLORENER ANWURF Home,129,315,100,0,van Veen G.,Smith R.
5,0-2,VERLORENER ANWURF Home,129,135,0,180,van Veen G.,Smith R.
6,0-2,VERLORENER ANWURF Home,25,135,104,0,van Veen G.,Smith R.
7,0-2,VERLORENER ANWURF Home,25,25,0,110,van Veen G.,Smith R.
8,0-2,VERLORENER ANWURF Home,25,25,0,0,van Veen G.,Smith R.
0,0-3,,501,389,0,112,van Veen G.,Smith R.
1,0-3,,449,389,52,0,van Veen G.,Smith R.
2,0-3,,449,249,0,140,van Veen G.,Smith R.
3,0-3,,309,249,140,0,van Veen G.,Smith R.
4,0-3,,309,149,0,100,van Veen G.,Smith R.
5,0-3,,252,149,57,0,van Veen G.,Smith R.
6,0-3,,252,52,0,97,van Veen G.,Smith R.
7,0-3,,152,52,100,0,van Veen G.,Smith R.
0,0-1,VERLORENER ANWURF Home,501,501,0,0,Cross R.,Littler L.
1,0-1,VERLORENER ANWURF Home,501,421,0,80,Cross R.,Littler L.
2,0-1,VERLORENER ANWURF Home,461,421,40,0,Cross R.,Littler L.
3,0-1,VERLORENER ANWURF Home,461,241,0,180,Cross R.,Littler L.
4,0-1,VERLORENER ANWURF Home,401,241,60,0,Cross R.,Littler L.
5,0-1,VERLORENER ANWURF Home,401,141,0,100,Cross R.,Littler L.
6,0-1,VERLORENER ANWURF Home,342,141,59,0,Cross R.,Littler L.
7,0-1,VERLORENER ANWURF Home,342,56,0,85,Cross R.,Littler L.
8,0-1,VERLORENER ANWURF Home,260,56,82,0,Cross R.,Littler L.
0,1-1,VERLORENER ANWURF Away,501,501,0,0,Cross R.,Littler L.
1,1-1,VERLORENER ANWURF Away,440,501,61,0,Cross R.,Littler L.
2,1-1,VERLORENER ANWURF Away,440,501,0,0,Cross R.,Littler L.
3,1-1,VERLORENER ANWURF Away,317,501,123,0,Cross R.,Littler L.
4,1-1,VERLORENER ANWURF Away,317,422,0,79,Cross R.,Littler L.
5,1-1,VERLORENER ANWURF Away,194,422,123,0,Cross R.,Littler L.
6,1-1,VERLORENER ANWURF Away,194,328,0,94,Cross R.,Littler L.
7,1-1,VERLORENER ANWURF Away,62,328,132,0,Cross R.,Littler L.
8,1-1,VERLORENER ANWURF Away,62,188,0,140,Cross R.,Littler L.
9,1-1,VERLORENER ANWURF Away,16,188,46,0,Cross R.,Littler L.
10,1-1,VERLORENER ANWURF Away,16,140,0,48,Cross R.,Littler L.
0,2-1,,388,501,113,0,Cross R.,Littler L.
1,2-1,,388,501,0,0,Cross R.,Littler L.
2,2-1,,331,501,57,0,Cross R.,Littler L.
3,2-1,,331,381,0,120,Cross R.,Littler L.
4,2-1,,246,381,85,0,Cross R.,Littler L.
5,2-1,,246,247,0,134,Cross R.,Littler L.
6,2-1,,151,247,95,0,Cross R.,Littler L.
7,2-1,,151,67,0,180,Cross R.,Littler L.
8,2-1,,75,67,76,0,Cross R.,Littler L.
9,2-1,,75,20,0,47,Cross R.,Littler L.
10,2-1,,16,20,59,0,Cross R.,Littler L.
11,2-1,,16,2,0,18,Cross R.,Littler L.
0,2-2,,501,401,0,100,Cross R.,Littler L.
1,2-2,,426,401,75,0,Cross R.,Littler L.
2,2-2,,426,341,0,60,Cross R.,Littler L.
3,2-2,,286,341,140,0,Cross R.,Littler L.
4,2-2,,286,283,0,58,Cross R.,Littler L.
5,2-2,,163,283,123,0,Cross R.,Littler L.
6,2-2,,163,223,0,60,Cross R.,Littler L.
7,2-2,,72,223,91,0,Cross R.,Littler L.
8,2-2,,72,43,0,180,Cross R.,Littler L.
9,2-2,,36,43,36,0,Cross R.,Littler L.
0,3-2,,388,501,113,0,Cross R.,Littler L.
1,3-2,,388,436,0,65,Cross R.,Littler L.
2,3-2,,330,436,58,0,Cross R.,Littler L.
3,3-2,,330,377,0,59,Cross R.,Littler L.
4,3-2,,230,377,100,0,Cross R.,Littler L.
5,3-2,,230,256,0,121,Cross R.,Littler L.
6,3-2,,90,256,140,0,Cross R.,Littler L.
7,3-2,,90,76,0,180,Cross R.,Littler L.
8,3-2,,36,76,54,0,Cross R.,Littler L.
9,3-2,,36,40,0,36,Cross R.,Littler L.
0,0-1,VERLORENER ANWURF Home,430,501,71,0,Humphries L.,Bunting S.
1,0-1,VERLORENER ANWURF Home,430,421,0,80,Humphries L.,Bunting S.
2,0-1,VERLORENER ANWURF Home,309,421,121,0,Humphries L.,Bunting S.
3,0-1,VERLORENER ANWURF Home,309,361,0,60,Humphries L.,Bunting S.
4,0-1,VERLORENER ANWURF Home,210,361,99,0,Humphries L.,Bunting S.
5,0-1,VERLORENER ANWURF Home,210,236,0,125,Humphries L.,Bunting S.
6,0-1,VERLORENER ANWURF Home,151,236,59,0,Humphries L.,Bunting S.
7,0-1,VERLORENER ANWURF Home,151,178,0,58,Humphries L.,Bunting S.
8,0-1,VERLORENER ANWURF Home,12,178,139,0,Humphries L.,Bunting S.
9,0-1,VERLORENER ANWURF Home,12,80,0,98,Humphries L.,Bunting S.
10,0-1,VERLORENER ANWURF Home,6,80,6,0,Humphries L.,Bunting S.
0,0-2,,501,450,0,51,Humphries L.,Bunting S.
1,0-2,,349,450,152,0,Humphries L.,Bunting S.
2,0-2,,349,350,0,100,Humphries L.,Bunting S.
3,0-2,,212,350,137,0,Humphries L.,Bunting S.
4,0-2,,212,250,0,100,Humphries L.,Bunting S.
5,0-2,,72,250,140,0,Humphries L.,Bunting S.
6,0-2,,72,115,0,135,Humphries L.,Bunting S.
7,0-2,,20,115,52,0,Humphries L.,Bunting S.
0,0-3,VERLORENER ANWURF Home,429,501,72,0,Humphries L.,Bunting S.
1,0-3,VERLORENER ANWURF Home,429,381,0,120,Humphries L.,Bunting S.
2,0-3,VERLORENER ANWURF Home,329,381,100,0,Humphries L.,Bunting S.
3,0-3,VERLORENER ANWURF Home,329,201,0,180,Humphries L.,Bunting S.
4,0-3,VERLORENER ANWURF Home,233,201,96,0,Humphries L.,Bunting S.
5,0-3,VERLORENER ANWURF Home,233,61,0,140,Humphries L.,Bunting S.
6,0-3,VERLORENER ANWURF Home,150,61,83,0,Humphries L.,Bunting S.
0,1-0,VERLORENER ANWURF Away,501,501,0,0,van Barneveld R.,Pietreczko R.
1,1-0,VERLORENER ANWURF Away,461,501,40,0,van Barneveld R.,Pietreczko R.
2,1-0,VERLORENER ANWURF Away,461,501,0,0,van Barneveld R.,Pietreczko R.
3,1-0,VERLORENER ANWURF Away,281,501,180,0,van Barneveld R.,Pietreczko R.
4,1-0,VERLORENER ANWURF Away,281,383,0,118,van Barneveld R.,Pietreczko R.
5,1-0,VERLORENER ANWURF Away,199,383,82,0,van Barneveld R.,Pietreczko R.
6,1-0,VERLORENER ANWURF Away,199,290,0,93,van Barneveld R.,Pietreczko R.
7,1-0,VERLORENER ANWURF Away,140,290,59,0,van Barneveld R.,Pietreczko R.
8,1-0,VERLORENER ANWURF Away,140,230,0,60,van Barneveld R.,Pietreczko R.
9,1-0,VERLORENER ANWURF Away,40,230,100,0,van Barneveld R.,Pietreczko R.
10,1-0,VERLORENER ANWURF Away,40,132,0,98,van Barneveld R.,Pietreczko R.
11,1-0,VERLORENER ANWURF Away,20,132,20,0,van Barneveld R.,Pietreczko R.
12,1-0,VERLORENER ANWURF Away,20,40,0,92,van Barneveld R.,Pietreczko R.
0,2-0,,446,501,55,0,van Barneveld R.,Pietreczko R.
1,2-0,,446,456,0,45,van Barneveld R.,Pietreczko R.
2,2-0,,361,456,85,0,van Barneveld R.,Pietreczko R.
3,2-0,,361,356,0,100,van Barneveld R.,Pietreczko R.
4,2-0,,314,356,47,0,van Barneveld R.,Pietreczko R.
5,2-0,,314,312,0,44,van Barneveld R.,Pietreczko R.
6,2-0,,195,312,119,0,van Barneveld R.,Pietreczko R.
7,2-0,,195,172,0,140,van Barneveld R.,Pietreczko R.
8,2-0,,108,172,87,0,van Barneveld R.,Pietreczko R.
9,2-0,,108,77,0,95,van Barneveld R.,Pietreczko R.
10,2-0,,8,77,100,0,van Barneveld R.,Pietreczko R.
11,2-0,,8,20,0,57,van Barneveld R.,Pietreczko R.
0,2-1,,501,501,0,0,van Barneveld R.,Pietreczko R.
1,2-1,,449,501,52,0,van Barneveld R.,Pietreczko R.
2,2-1,,449,383,0,118,van Barneveld R.,Pietreczko R.
3,2-1,,328,383,121,0,van Barneveld R.,Pietreczko R.
4,2-1,,328,283,0,100,van Barneveld R.,Pietreczko R.
5,2-1,,188,283,140,0,van Barneveld R.,Pietreczko R.
6,2-1,,188,103,0,180,van Barneveld R.,Pietreczko R.
7,2-1,,130,103,58,0,van Barneveld R.,Pietreczko R.
8,2-1,,130,32,0,71,van Barneveld R.,Pietreczko R.
9,2-1,,40,32,90,0,van Barneveld R.,Pietreczko R.
0,2-2,VERLORENER ANWURF Home,449,501,52,0,van Barneveld R.,Pietreczko R.
1,2-2,VERLORENER ANWURF Home,449,403,0,98,van Barneveld R.,Pietreczko R.
2,2-2,VERLORENER ANWURF Home,309,403,140,0,van Barneveld R.,Pietreczko R.
3,2-2,VERLORENER ANWURF Home,309,263,0,140,van Barneveld R.,Pietreczko R.
4,2-2,VERLORENER ANWURF Home,210,263,99,0,van Barneveld R.,Pietreczko R.
5,2-2,VERLORENER ANWURF Home,210,129,0,134,van Barneveld R.,Pietreczko R.
6,2-2,VERLORENER ANWURF Home,36,129,174,0,van Barneveld R.,Pietreczko R.
7,2-2,VERLORENER ANWURF Home,36,38,0,91,van Barneveld R.,Pietreczko R.
8,2-2,VERLORENER ANWURF Home,18,38,18,0,van Barneveld R.,Pietreczko R.
0,2-3,,501,386,0,115,van Barneveld R.,Pietreczko R.
1,2-3,,449,386,52,0,van Barneveld R.,Pietreczko R.
2,2-3,,449,287,0,99,van Barneveld R.,Pietreczko R.
3,2-3,,395,287,54,0,van Barneveld R.,Pietreczko R.
4,2-3,,395,191,0,96,van Barneveld R.,Pietreczko R.
5,2-3,,215,191,180,0,van Barneveld R.,Pietreczko R.
6,2-3,,215,132,0,59,van Barneveld R.,Pietreczko R.
7,2-3,,81,132,134,0,van Barneveld R.,Pietreczko R.
8,2-3,,81,28,0,104,van Barneveld R.,Pietreczko R.
9,2-3,,48,28,33,0,van Barneveld R.,Pietreczko R.
0,1-0,VERLORENER ANWURF Away,501,457,0,44,Aspinall N.,Searle R.
1,1-0,VERLORENER ANWURF Away,341,457,160,0,Aspinall N.,Searle R.
2,1-0,VERLORENER ANWURF Away,341,357,0,100,Aspinall N.,Searle R.
3,1-0,VERLORENER ANWURF Away,201,357,140,0,Aspinall N.,Searle R.
4,1-0,VERLORENER ANWURF Away,201,297,0,60,Aspinall N.,Searle R.
5,1-0,VERLORENER ANWURF Away,71,297,130,0,Aspinall N.,Searle R.
6,1-0,VERLORENER ANWURF Away,71,157,0,140,Aspinall N.,Searle R.
0,2-0,,405,501,96,0,Aspinall N.,Searle R.
1,2-0,,405,400,0,101,Aspinall N.,Searle R.
2,2-0,,310,400,95,0,Aspinall N.,Searle R.
3,2-0,,310,260,0,140,Aspinall N.,Searle R.
4,2-0,,185,260,125,0,Aspinall N.,Searle R.
5,2-0,,185,160,0,100,Aspinall N.,Searle R.
6,2-0,,120,160,65,0,Aspinall N.,Searle R.
7,2-0,,120,100,0,60,Aspinall N.,Searle R.
8,2-0,,20,100,100,0,Aspinall N.,Searle R.
9,2-0,,20,20,0,80,Aspinall N.,Searle R.
10,2-0,,10,20,10,0,Aspinall N.,Searle R.
11,2-0,,10,5,0,15,Aspinall N.,Searle R.
0,2-1,,501,501,0,0,Aspinall N.,Searle R.
1,2-1,,431,501,70,0,Aspinall N.,Searle R.
2,2-1,,431,441,0,60,Aspinall N.,Searle R.
3,2-1,,306,441,125,0,Aspinall N.,Searle R.
4,2-1,,306,347,0,94,Aspinall N.,Searle R.
5,2-1,,223,347,83,0,Aspinall N.,Searle R.
6,2-1,,223,252,0,95,Aspinall N.,Searle R.
7,2-1,,103,252,120,0,Aspinall N.,Searle R.
8,2-1,,103,112,0,140,Aspinall N.,Searle R.
9,2-1,,36,112,67,0,Aspinall N.,Searle R.
0,3-1,,437,501,64,0,Aspinall N.,Searle R.
1,3-1,,437,421,0,80,Aspinall N.,Searle R.
2,3-1,,297,421,140,0,Aspinall N.,Searle R.
3,3-1,,297,360,0,61,Aspinall N.,Searle R.
4,3-1,,200,360,97,0,Aspinall N.,Searle R.
5,3-1,,200,302,0,58,Aspinall N.,Searle R.
6,3-1,,140,302,60,0,Aspinall N.,Searle R.
7,3-1,,140,223,0,79,Aspinall N.,Searle R.
8,3-1,,20,223,120,0,Aspinall N.,Searle R.
9,3-1,,20,83,0,140,Aspinall N.,Searle R.
0,1-0,VERLORENER ANWURF Away,501,450,0,51,Clayton J.,Edhouse R.
1,1-0,VERLORENER ANWURF Away,469,450,32,0,Clayton J.,Edhouse R.
2,1-0,VERLORENER ANWURF Away,469,390,0,60,Clayton J.,Edhouse R.
3,1-0,VERLORENER ANWURF Away,289,390,180,0,Clayton J.,Edhouse R.
4,1-0,VERLORENER ANWURF Away,289,269,0,121,Clayton J.,Edhouse R.
5,1-0,VERLORENER ANWURF Away,152,269,137,0,Clayton J.,Edhouse R.
6,1-0,VERLORENER ANWURF Away,152,210,0,59,Clayton J.,Edhouse R.
7,1-0,VERLORENER ANWURF Away,24,210,128,0,Clayton J.,Edhouse R.
8,1-0,VERLORENER ANWURF Away,24,110,0,100,Clayton J.,Edhouse R.
0,2-0,,449,501,52,0,Clayton J.,Edhouse R.
1,2-0,,449,393,0,108,Clayton J.,Edhouse R.
2,2-0,,326,393,123,0,Clayton J.,Edhouse R.
3,2-0,,326,341,0,52,Clayton J.,Edhouse R.
4,2-0,,266,341,60,0,Clayton J.,Edhouse R.
5,2-0,,266,244,0,97,Clayton J.,Edhouse R.
6,2-0,,130,244,136,0,Clayton J.,Edhouse R.
7,2-0,,130,148,0,96,Clayton J.,Edhouse R.
0,2-1,,501,465,0,36,Clayton J.,Edhouse R.
1,2-1,,469,465,32,0,Clayton J.,Edhouse R.
2,2-1,,469,325,0,140,Clayton J.,Edhouse R.
3,2-1,,369,325,100,0,Clayton J.,Edhouse R.
4,2-1,,369,225,0,100,Clayton J.,Edhouse R.
5,2-1,,189,225,180,0,Clayton J.,Edhouse R.
6,2-1,,189,90,0,135,Clayton J.,Edhouse R.
7,2-1,,130,90,59,0,Clayton J.,Edhouse R.
0,3-1,,467,501,34,0,Clayton J.,Edhouse R.
1,3-1,,467,431,0,70,Clayton J.,Edhouse R.
2,3-1,,382,431,85,0,Clayton J.,Edhouse R.
3,3-1,,382,291,0,140,Clayton J.,Edhouse R.
4,3-1,,202,291,180,0,Clayton J.,Edhouse R.
5,3-1,,202,210,0,81,Clayton J.,Edhouse R.
6,3-1,,102,210,100,0,Clayton J.,Edhouse R.
7,3-1,,102,87,0,123,Clayton J.,Edhouse R.
0,0-1,,501,341,0,160,Dolan B.,Schindler M.
1,0-1,,422,341,79,0,Dolan B.,Schindler M.
2,0-1,,422,245,0,96,Dolan B.,Schindler M.
3,0-1,,322,245,100,0,Dolan B.,Schindler M.
4,0-1,,322,105,0,140,Dolan B.,Schindler M.
5,0-1,,222,105,100,0,Dolan B.,Schindler M.
6,0-1,,222,40,0,65,Dolan B.,Schindler M.
7,0-1,,142,40,80,0,Dolan B.,Schindler M.
0,0-2,VERLORENER ANWURF Home,501,501,0,0,Dolan B.,Schindler M.
1,0-2,VERLORENER ANWURF Home,501,384,0,117,Dolan B.,Schindler M.
2,0-2,VERLORENER ANWURF Home,461,384,40,0,Dolan B.,Schindler M.
3,0-2,VERLORENER ANWURF Home,461,286,0,98,Dolan B.,Schindler M.
4,0-2,VERLORENER ANWURF Home,362,286,99,0,Dolan B.,Schindler M.
5,0-2,VERLORENER ANWURF Home,362,228,0,58,Dolan B.,Schindler M.
6,0-2,VERLORENER ANWURF Home,227,228,135,0,Dolan B.,Schindler M.
7,0-2,VERLORENER ANWURF Home,227,182,0,46,Dolan B.,Schindler M.
8,0-2,VERLORENER ANWURF Home,167,182,60,0,Dolan B.,Schindler M.
9,0-2,VERLORENER ANWURF Home,167,136,0,46,Dolan B.,Schindler M.
10,0-2,VERLORENER ANWURF Home,137,136,30,0,Dolan B.,Schindler M.
11,0-2,VERLORENER ANWURF Home,137,54,0,82,Dolan B.,Schindler M.
12,0-2,VERLORENER ANWURF Home,38,54,99,0,Dolan B.,Schindler M.
0,0-3,,501,422,0,79,Dolan B.,Schindler M.
1,0-3,,441,422,60,0,Dolan B.,Schindler M.
2,0-3,,441,362,0,60,Dolan B.,Schindler M.
3,0-3,,341,362,100,0,Dolan B.,Schindler M.
4,0-3,,341,182,0,180,Dolan B.,Schindler M.
5,0-3,,207,182,134,0,Dolan B.,Schindler M.
6,0-3,,207,86,0,96,Dolan B.,Schindler M.
7,0-3,,107,86,100,0,Dolan B.,Schindler M.
8,0-3,,107,25,0,61,Dolan B.,Schindler M.
9,0-3,,24,25,83,0,Dolan B.,Schindler M.
0,1-0,,423,501,78,0,Rock J.,Joyce R.
1,1-0,,423,501,0,0,Rock J.,Joyce R.
2,1-0,,382,501,41,0,Rock J.,Joyce R.
3,1-0,,382,450,0,51,Rock J.,Joyce R.
4,1-0,,282,450,100,0,Rock J.,Joyce R.
5,1-0,,282,354,0,96,Rock J.,Joyce R.
6,1-0,,261,354,21,0,Rock J.,Joyce R.
7,1-0,,261,214,0,140,Rock J.,Joyce R.
8,1-0,,130,214,131,0,Rock J.,Joyce R.
9,1-0,,130,155,0,59,Rock J.,Joyce R.
10,1-0,,80,155,50,0,Rock J.,Joyce R.
11,1-0,,80,19,0,136,Rock J.,Joyce R.
0,1-1,,501,430,0,71,Rock J.,Joyce R.
1,1-1,,463,430,38,0,Rock J.,Joyce R.
2,1-1,,463,290,0,140,Rock J.,Joyce R.
3,1-1,,363,290,100,0,Rock J.,Joyce R.
4,1-1,,363,232,0,58,Rock J.,Joyce R.
5,1-1,,270,232,93,0,Rock J.,Joyce R.
6,1-1,,270,142,0,90,Rock J.,Joyce R.
7,1-1,,189,142,81,0,Rock J.,Joyce R.
8,1-1,,189,84,0,58,Rock J.,Joyce R.
9,1-1,,52,84,137,0,Rock J.,Joyce R.
10,1-1,,52,22,0,62,Rock J.,Joyce R.
11,1-1,,16,22,36,0,Rock J.,Joyce R.
0,2-1,,383,501,118,0,Rock J.,Joyce R.
1,2-1,,383,409,0,92,Rock J.,Joyce R.
2,2-1,,203,409,180,0,Rock J.,Joyce R.
3,2-1,,203,315,0,94,Rock J.,Joyce R.
4,2-1,,66,315,137,0,Rock J.,Joyce R.
5,2-1,,66,219,0,96,Rock J.,Joyce R.
6,2-1,,40,219,26,0,Rock J.,Joyce R.
7,2-1,,40,122,0,97,Rock J.,Joyce R.
0,2-2,,501,408,0,93,Rock J.,Joyce R.
1,2-2,,425,408,76,0,Rock J.,Joyce R.
2,2-2,,425,228,0,180,Rock J.,Joyce R.
3,2-2,,344,228,81,0,Rock J.,Joyce R.
4,2-2,,344,170,0,58,Rock J.,Joyce R.
5,2-2,,164,170,180,0,Rock J.,Joyce R.
6,2-2,,164,72,0,98,Rock J.,Joyce R.
7,2-2,,68,72,96,0,Rock J.,Joyce R.
0,2-3,VERLORENER ANWURF Home,501,501,0,0,Rock J.,Joyce R.
1,2-3,VERLORENER ANWURF Home,501,469,0,32,Rock J.,Joyce R.
2,2-3,VERLORENER ANWURF Home,463,469,38,0,Rock J.,Joyce R.
3,2-3,VERLORENER ANWURF Home,463,369,0,100,Rock J.,Joyce R.
4,2-3,VERLORENER ANWURF Home,323,369,140,0,Rock J.,Joyce R.
5,2-3,VERLORENER ANWURF Home,323,273,0,96,Rock J.,Joyce R.
6,2-3,VERLORENER ANWURF Home,227,273,96,0,Rock J.,Joyce R.
7,2-3,VERLORENER ANWURF Home,227,228,0,45,Rock J.,Joyce R.
8,2-3,VERLORENER ANWURF Home,127,228,100,0,Rock J.,Joyce R.
9,2-3,VERLORENER ANWURF Home,127,136,0,92,Rock J.,Joyce R.
10,2-3,VERLORENER ANWURF Home,41,136,86,0,Rock J.,Joyce R.
11,2-3,VERLORENER ANWURF Home,41,36,0,100,Rock J.,Joyce R.
12,2-3,VERLORENER ANWURF Home,16,36,25,0,Rock J.,Joyce R.
