id,tournament_id,type,name,season_id,season_name,league_id,league_name,league_hash_image,competitors
81408,11397,total,Group A,13639,Champions League of Darts 2018,3215,Champions League of Darts,8a203869ae384b7732916d47637c78e95baec868d0f3c622a2915472dc3eabe3,"[{'wins': 0, 'losses': 3, 'points': 0, 'matches': 3, 'team_id': 1830, 'position': 4, 'team_name': 'Chisnall D.', 'scores_for': 12, 'scores_against': 30, 'team_hash_image': '38405eac2acf114948b84597cacb98687148240b3c91b3336ab9a1e774c32cd7'}, {'wins': 2, 'losses': 1, 'points': 4, 'matches': 3, 'team_id': 1810, 'position': 1, 'team_name': 'Van Gerwen M.', 'scores_for': 29, 'scores_against': 19, 'team_hash_image': 'e5281230fc54252da40c3c86448cda06e2b5d422669f501044d58d18aec97b06'}, {'wins': 2, 'losses': 1, 'points': 4, 'matches': 3, 'team_id': 2032, 'position': 2, 'team_name': 'Anderson G.', 'scores_for': 28, 'scores_against': 22, 'team_hash_image': 'e7695263ce57dff52ab29a0e2cde35f9fd18723ec604026a8c67afc81ab6d4d4'}, {'wins': 2, 'losses': 1, 'points': 4, 'matches': 3, 'team_id': 47438, 'position': 3, 'team_name': 'Gurney D.', 'scores_for': 27, 'scores_against': 25, 'team_hash_image': '18d642241d01cd1496eac2989362a2d35019d003b1c203bdf96ae377a2384630'}]"
81424,11398,total,Premier League,13501,Premier League 2022,2875,Premier League Darts,96cd11affc7dda52b6348b0d54d158a67cee178c7fae03e76b935147f33217c5,"[{'wins': 1, 'points': 9, 'matches': 16, 'team_id': 2032, 'position': 8, 'team_name': 'Anderson G.', 'team_hash_image': 'e7695263ce57dff52ab29a0e2cde35f9fd18723ec604026a8c67afc81ab6d4d4'}, {'wins': 1, 'points': 21, 'matches': 16, 'team_id': 2093, 'position': 6, 'team_name': 'Smith M.', 'team_hash_image': '7f48531f7f5c9a025bfe2de4398e28a3774de16710fd5be3097641a9bc74d229'}, {'wins': 1, 'points': 22, 'matches': 16, 'team_id': 2154, 'position': 5, 'team_name': 'Wright P.', 'team_hash_image': '28c5a4d61a6acbc8a019a1bb872846e9ea9d43af89ad3fed96264e53710ddbe0'}, {'wins': 2, 'points': 20, 'matches': 16, 'team_id': 2349, 'position': 7, 'team_name': 'Price G.', 'team_hash_image': '07971bdf5d7de2414e532a0ae232a176b9971c7f8ffdd8c4ad0f38d097ca6643'}, {'wins': 2, 'points': 24, 'matches': 16, 'team_id': 47458, 'position': 4, 'team_name': 'Cullen J.', 'team_hash_image': '543eccfaa8c2e3d0b3528cbd45ee5596c9bbe42f3f14499a6f8e89cb8c6e59d7'}, {'wins': 2, 'points': 25, 'matches': 16, 'team_id': 47448, 'position': 3, 'team_name': 'Wade J.', 'team_hash_image': '8405cdc2cc83067a1165e3cb65baed4e3b543f5dca9fd88d85a2b188b031b3d5'}, {'wins': 3, 'points': 31, 'matches': 16, 'team_id': 1810, 'position': 2, 'team_name': 'Van Gerwen M.', 'team_hash_image': 'e5281230fc54252da40c3c86448cda06e2b5d422669f501044d58d18aec97b06'}, {'wins': 4, 'points': 40, 'matches': 16, 'team_id': 47442, 'position': 1, 'team_name': 'Clayton J.', 'team_hash_image': '9133712ffd0e6db0554bf066573229fdc13228c757669c61999619cd5807d77b'}]"
81449,11397,total,Group B,13639,Champions League of Darts 2018,3215,Champions League of Darts,8a203869ae384b7732916d47637c78e95baec868d0f3c622a2915472dc3eabe3,"[{'wins': 0, 'losses': 3, 'points': 0, 'matches': 3, 'team_id': 47444, 'position': 4, 'team_name': 'Whitlock S.', 'scores_for': 16, 'scores_against': 30, 'team_hash_image': 'd68176627238c4720658fe2f1ab39dacb96e8af510ecda85a964c6044c3ed6dd'}, {'wins': 1, 'losses': 2, 'points': 2, 'matches': 3, 'team_id': 1997, 'position': 3, 'team_name': 'Cross R.', 'scores_for': 21, 'scores_against': 28, 'team_hash_image': '0ee0e38aa04003eee9fcb0ca14eab6218403833a52051e6da44f17788fddc0d9'}, {'wins': 2, 'losses': 1, 'points': 4, 'matches': 3, 'team_id': 2154, 'position': 2, 'team_name': 'Wright P.', 'scores_for': 27, 'scores_against': 20, 'team_hash_image': '28c5a4d61a6acbc8a019a1bb872846e9ea9d43af89ad3fed96264e53710ddbe0'}, {'wins': 3, 'losses': 0, 'points': 6, 'matches': 3, 'team_id': 2054, 'position': 1, 'team_name': 'Suljović M.', 'scores_for': 30, 'scores_against': 16, 'team_hash_image': 'b293777bbce0e129d220c590f7fb9caf0e9dfa8275a14b25882c6718e6c47d5b'}]"
81453,11399,total,"Grand Slam of Darts 2021, Group A",14085,Grand Slam of Darts 2021,3295,Grand Slam of Darts,fa83813e76b193d7b48aeb9f88d41a81d428f12497c799ab14f2b8dda43de641,"[{'wins': 1, 'losses': 2, 'points': 2, 'matches': 3, 'team_id': 2408, 'position': 3, 'team_name': 'Ratajski K.', 'scores_for': 9, 'scores_against': 11, 'team_hash_image': 'ba2371ab745fade4ac7d0be5401c862181ab454bc1302c138d90f44a74fba49c'}, {'wins': 1, 'losses': 2, 'points': 2, 'matches': 3, 'team_id': 47459, 'position': 4, 'team_name': 'Schindler M.', 'scores_for': 8, 'scores_against': 14, 'team_hash_image': 'e786b68207f3f578256fe4bb37b456835ac5b92092c44e1cdde04172a4849eb9'}, {'wins': 2, 'losses': 1, 'points': 4, 'matches': 3, 'team_id': 2349, 'position': 1, 'team_name': 'Price G.', 'scores_for': 14, 'scores_against': 9, 'team_hash_image': '07971bdf5d7de2414e532a0ae232a176b9971c7f8ffdd8c4ad0f38d097ca6643'}, {'wins': 2, 'losses': 1, 'points': 4, 'matches': 3, 'team_id': 47451, 'position': 2, 'team_name': 'Rafferty N.', 'scores_for': 14, 'scores_against': 11, 'team_hash_image': 'bbffcca4d1690fef1738ea1a84ae07e3c67f68c3a293e683048f6af9274c0f0d'}]"
81455,11397,home,Group A,13639,Champions League of Darts 2018,3215,Champions League of Darts,8a203869ae384b7732916d47637c78e95baec868d0f3c622a2915472dc3eabe3,"[{'wins': 0, 'losses': 0, 'points': 0, 'matches': 0, 'team_id': 1830, 'position': 0, 'team_name': 'Chisnall D.', 'scores_for': 0, 'scores_against': 0, 'team_hash_image': '38405eac2acf114948b84597cacb98687148240b3c91b3336ab9a1e774c32cd7'}, {'wins': 1, 'losses': 0, 'points': 2, 'matches': 1, 'team_id': 47438, 'position': 0, 'team_name': 'Gurney D.', 'scores_for': 10, 'scores_against': 7, 'team_hash_image': '18d642241d01cd1496eac2989362a2d35019d003b1c203bdf96ae377a2384630'}, {'wins': 1, 'losses': 1, 'points': 2, 'matches': 2, 'team_id': 2032, 'position': 0, 'team_name': 'Anderson G.', 'scores_for': 18, 'scores_against': 13, 'team_hash_image': 'e7695263ce57dff52ab29a0e2cde35f9fd18723ec604026a8c67afc81ab6d4d4'}, {'wins': 2, 'losses': 1, 'points': 4, 'matches': 3, 'team_id': 1810, 'position': 0, 'team_name': 'Van Gerwen M.', 'scores_for': 29, 'scores_against': 19, 'team_hash_image': 'e5281230fc54252da40c3c86448cda06e2b5d422669f501044d58d18aec97b06'}]"
81456,11400,total,"Grand Slam of Darts 2022, Group A",12163,Grand Slam of Darts 2022,3295,Grand Slam of Darts,fa83813e76b193d7b48aeb9f88d41a81d428f12497c799ab14f2b8dda43de641,"[{'wins': 0, 'draws': 0, 'losses': 3, 'points': 0, 'matches': 3, 'team_id': 47464, 'position': 4, 'team_name': 'Evetts T.', 'team_hash_image': 'd3fcc309492ca46abb5e6e76c95aa524ece159f796604f48612dcaa5c96916a2'}, {'wins': 1, 'draws': 0, 'losses': 2, 'points': 2, 'matches': 3, 'team_id': 1830, 'position': 3, 'team_name': 'Chisnall D.', 'team_hash_image': '38405eac2acf114948b84597cacb98687148240b3c91b3336ab9a1e774c32cd7'}, {'wins': 2, 'draws': 0, 'losses': 1, 'points': 4, 'matches': 3, 'team_id': 2349, 'position': 2, 'team_name': 'Price G.', 'team_hash_image': '07971bdf5d7de2414e532a0ae232a176b9971c7f8ffdd8c4ad0f38d097ca6643'}, {'wins': 3, 'draws': 0, 'losses': 0, 'points': 6, 'matches': 3, 'team_id': 47455, 'position': 1, 'team_name': 'van Barneveld R.', 'team_hash_image': '7f746061efeeedab7ae4ca7c934d0a28bafe5fb02cc111789eae6e51670f07c8'}]"
81457,11397,home,Group B,13639,Champions League of Darts 2018,3215,Champions League of Darts,8a203869ae384b7732916d47637c78e95baec868d0f3c622a2915472dc3eabe3,"[{'wins': 0, 'losses': 0, 'points': 0, 'matches': 0, 'team_id': 47444, 'position': 0, 'team_name': 'Whitlock S.', 'scores_for': 0, 'scores_against': 0, 'team_hash_image': 'd68176627238c4720658fe2f1ab39dacb96e8af510ecda85a964c6044c3ed6dd'}, {'wins': 1, 'losses': 0, 'points': 2, 'matches': 1, 'team_id': 2054, 'position': 0, 'team_name': 'Suljović M.', 'scores_for': 10, 'scores_against': 1, 'team_hash_image': 'b293777bbce0e129d220c590f7fb9caf0e9dfa8275a14b25882c6718e6c47d5b'}, {'wins': 1, 'losses': 1, 'points': 2, 'matches': 2, 'team_id': 1997, 'position': 0, 'team_name': 'Cross R.', 'scores_for': 18, 'scores_against': 18, 'team_hash_image': '0ee0e38aa04003eee9fcb0ca14eab6218403833a52051e6da44f17788fddc0d9'}, {'wins': 2, 'losses': 1, 'points': 4, 'matches': 3, 'team_id': 2154, 'position': 0, 'team_name': 'Wright P.', 'scores_for': 27, 'scores_against': 20, 'team_hash_image': '28c5a4d61a6acbc8a019a1bb872846e9ea9d43af89ad3fed96264e53710ddbe0'}]"
81461,11401,total,"World Cup of Darts 2023, Group A",12150,World Cup of Darts 2023,4027,World Cup of Darts,8653388a7b545fbcfba78767bb2be010e3120a39f2fbfeeb500a533e87358bfe,"[{'wins': 0, 'draws': 0, 'losses': 2, 'points': 0, 'matches': 2, 'team_id': 47467, 'position': 3, 'team_name': 'Zong X / Wen L', 'team_hash_image': 'fe7885eff0303142833e37b883d81d324061b727ac7da607af9593bbede746f8'}, {'wins': 1, 'draws': 0, 'losses': 1, 'points': 2, 'matches': 2, 'team_id': 47461, 'position': 2, 'team_name': 'Kantele M / Myller P', 'team_hash_image': 'dd23701a306781b3eb5e0411779b23e575535ad5e56e3d1780d7584d8517135c'}, {'wins': 2, 'draws': 0, 'losses': 0, 'points': 4, 'matches': 2, 'team_id': 47453, 'position': 1, 'team_name': 'Huybrechts K / Van Den Bergh D', 'team_hash_image': 'e735fe5b4fc8898a9e7c16bbdffd872bc09aef6eb058e60887fc87b0f0caa4ab'}]"
81462,11397,away,Group A,13639,Champions League of Darts 2018,3215,Champions League of Darts,8a203869ae384b7732916d47637c78e95baec868d0f3c622a2915472dc3eabe3,"[{'wins': 0, 'losses': 0, 'points': 0, 'matches': 0, 'team_id': 1810, 'position': 0, 'team_name': 'Van Gerwen M.', 'scores_for': 0, 'scores_against': 0, 'team_hash_image': 'e5281230fc54252da40c3c86448cda06e2b5d422669f501044d58d18aec97b06'}, {'wins': 0, 'losses': 3, 'points': 0, 'matches': 3, 'team_id': 1830, 'position': 0, 'team_name': 'Chisnall D.', 'scores_for': 12, 'scores_against': 30, 'team_hash_image': '38405eac2acf114948b84597cacb98687148240b3c91b3336ab9a1e774c32cd7'}, {'wins': 1, 'losses': 0, 'points': 2, 'matches': 1, 'team_id': 2032, 'position': 0, 'team_name': 'Anderson G.', 'scores_for': 10, 'scores_against': 9, 'team_hash_image': 'e7695263ce57dff52ab29a0e2cde35f9fd18723ec604026a8c67afc81ab6d4d4'}, {'wins': 1, 'losses': 1, 'points': 2, 'matches': 2, 'team_id': 47438, 'position': 0, 'team_name': 'Gurney D.', 'scores_for': 17, 'scores_against': 18, 'team_hash_image': '18d642241d01cd1496eac2989362a2d35019d003b1c203bdf96ae377a2384630'}]"
81463,11398,total,Premier League 2023,12231,Premier League 2023,2875,Premier League Darts,96cd11affc7dda52b6348b0d54d158a67cee178c7fae03e76b935147f33217c5,"[{'wins': 0, 'points': 9, 'matches': 16, 'team_id': 2154, 'position': 8, 'team_name': 'Wright P.', 'team_hash_image': '28c5a4d61a6acbc8a019a1bb872846e9ea9d43af89ad3fed96264e53710ddbe0'}, {'wins': 1, 'points': 14, 'matches': 16, 'team_id': 2463, 'position': 7, 'team_name': 'Dobey C.', 'team_hash_image': 'a9eb485141e05542816256258d824b6eb06bf3d31607e2c1164e2c6f6c2c1754'}, {'wins': 1, 'points': 15, 'matches': 16, 'team_id': 47457, 'position': 6, 'team_name': 'Van Den Bergh D.', 'team_hash_image': 'f11e98bf5cee8c1b35709a04172626fd1880098344f17282db20bdb882760b63'}, {'wins': 1, 'points': 24, 'matches': 16, 'team_id': 2503, 'position': 5, 'team_name': 'Aspinall N.', 'team_hash_image': '1d367b1fad0e1dd324ec1702bb03b3d339199e796563a075988207e26a4b928b'}, {'wins': 2, 'points': 24, 'matches': 16, 'team_id': 47442, 'position': 4, 'team_name': 'Clayton J.', 'team_hash_image': '9133712ffd0e6db0554bf066573229fdc13228c757669c61999619cd5807d77b'}, {'wins': 3, 'points': 33, 'matches': 16, 'team_id': 1810, 'position': 2, 'team_name': 'Van Gerwen M.', 'team_hash_image': 'e5281230fc54252da40c3c86448cda06e2b5d422669f501044d58d18aec97b06'}, {'wins': 4, 'points': 33, 'matches': 16, 'team_id': 2093, 'position': 3, 'team_name': 'Smith M.', 'team_hash_image': '7f48531f7f5c9a025bfe2de4398e28a3774de16710fd5be3097641a9bc74d229'}, {'wins': 4, 'points': 39, 'matches': 16, 'team_id': 2349, 'position': 1, 'team_name': 'Price G.', 'team_hash_image': '07971bdf5d7de2414e532a0ae232a176b9971c7f8ffdd8c4ad0f38d097ca6643'}]"
81464,11397,away,Group B,13639,Champions League of Darts 2018,3215,Champions League of Darts,8a203869ae384b7732916d47637c78e95baec868d0f3c622a2915472dc3eabe3,"[{'wins': 0, 'losses': 0, 'points': 0, 'matches': 0, 'team_id': 2154, 'position': 0, 'team_name': 'Wright P.', 'scores_for': 0, 'scores_against': 0, 'team_hash_image': '28c5a4d61a6acbc8a019a1bb872846e9ea9d43af89ad3fed96264e53710ddbe0'}, {'wins': 0, 'losses': 1, 'points': 0, 'matches': 1, 'team_id': 1997, 'position': 0, 'team_name': 'Cross R.', 'scores_for': 3, 'scores_against': 10, 'team_hash_image': '0ee0e38aa04003eee9fcb0ca14eab6218403833a52051e6da44f17788fddc0d9'}, {'wins': 0, 'losses': 3, 'points': 0, 'matches': 3, 'team_id': 47444, 'position': 0, 'team_name': 'Whitlock S.', 'scores_for': 16, 'scores_against': 30, 'team_hash_image': 'd68176627238c4720658fe2f1ab39dacb96e8af510ecda85a964c6044c3ed6dd'}, {'wins': 2, 'losses': 0, 'points': 4, 'matches': 2, 'team_id': 2054, 'position': 0, 'team_name': 'Suljović M.', 'scores_for': 20, 'scores_against': 15, 'team_hash_image': 'b293777bbce0e129d220c590f7fb9caf0e9dfa8275a14b25882c6718e6c47d5b'}]"
81465,11402,total,Group A,12275,Champions League of Darts 2019,3215,Champions League of Darts,8a203869ae384b7732916d47637c78e95baec868d0f3c622a2915472dc3eabe3,"[{'wins': 0, 'losses': 3, 'points': 0, 'matches': 3, 'team_id': 2032, 'position': 4, 'team_name': 'Anderson G.', 'scores_for': 20, 'scores_against': 30, 'team_hash_image': 'e7695263ce57dff52ab29a0e2cde35f9fd18723ec604026a8c67afc81ab6d4d4'}, {'wins': 1, 'losses': 2, 'points': 2, 'matches': 3, 'team_id': 47448, 'position': 3, 'team_name': 'Wade J.', 'scores_for': 26, 'scores_against': 29, 'team_hash_image': '8405cdc2cc83067a1165e3cb65baed4e3b543f5dca9fd88d85a2b188b031b3d5'}, {'wins': 2, 'losses': 1, 'points': 4, 'matches': 3, 'team_id': 2093, 'position': 2, 'team_name': 'Smith M.', 'scores_for': 26, 'scores_against': 25, 'team_hash_image': '7f48531f7f5c9a025bfe2de4398e28a3774de16710fd5be3097641a9bc74d229'}, {'wins': 3, 'losses': 0, 'points': 6, 'matches': 3, 'team_id': 1810, 'position': 1, 'team_name': 'Van Gerwen M.', 'scores_for': 30, 'scores_against': 18, 'team_hash_image': 'e5281230fc54252da40c3c86448cda06e2b5d422669f501044d58d18aec97b06'}]"
81466,11402,total,Group B,12275,Champions League of Darts 2019,3215,Champions League of Darts,8a203869ae384b7732916d47637c78e95baec868d0f3c622a2915472dc3eabe3,"[{'wins': 0, 'losses': 3, 'points': 0, 'matches': 3, 'team_id': 1997, 'position': 4, 'team_name': 'Cross R.', 'scores_for': 19, 'scores_against': 30, 'team_hash_image': '0ee0e38aa04003eee9fcb0ca14eab6218403833a52051e6da44f17788fddc0d9'}, {'wins': 1, 'losses': 2, 'points': 2, 'matches': 3, 'team_id': 47438, 'position': 3, 'team_name': 'Gurney D.', 'scores_for': 23, 'scores_against': 26, 'team_hash_image': '18d642241d01cd1496eac2989362a2d35019d003b1c203bdf96ae377a2384630'}, {'wins': 2, 'losses': 1, 'points': 4, 'matches': 3, 'team_id': 2349, 'position': 2, 'team_name': 'Price G.', 'scores_for': 28, 'scores_against': 21, 'team_hash_image': '07971bdf5d7de2414e532a0ae232a176b9971c7f8ffdd8c4ad0f38d097ca6643'}, {'wins': 3, 'losses': 0, 'points': 6, 'matches': 3, 'team_id': 2154, 'position': 1, 'team_name': 'Wright P.', 'scores_for': 30, 'scores_against': 23, 'team_hash_image': '28c5a4d61a6acbc8a019a1bb872846e9ea9d43af89ad3fed96264e53710ddbe0'}]"
81468,11402,home,Group A,12275,Champions League of Darts 2019,3215,Champions League of Darts,8a203869ae384b7732916d47637c78e95baec868d0f3c622a2915472dc3eabe3,"[{'wins': 0, 'losses': 0, 'points': 0, 'matches': 0, 'team_id': 47448, 'position': 0, 'team_name': 'Wade J.', 'scores_for': 0, 'scores_against': 0, 'team_hash_image': '8405cdc2cc83067a1165e3cb65baed4e3b543f5dca9fd88d85a2b188b031b3d5'}, {'wins': 0, 'losses': 1, 'points': 0, 'matches': 1, 'team_id': 2032, 'position': 0, 'team_name': 'Anderson G.', 'scores_for': 9, 'scores_against': 10, 'team_hash_image': 'e7695263ce57dff52ab29a0e2cde35f9fd18723ec604026a8c67afc81ab6d4d4'}, {'wins': 2, 'losses': 0, 'points': 4, 'matches': 2, 'team_id': 2093, 'position': 0, 'team_name': 'Smith M.', 'scores_for': 20, 'scores_against': 15, 'team_hash_image': '7f48531f7f5c9a025bfe2de4398e28a3774de16710fd5be3097641a9bc74d229'}, {'wins': 3, 'losses': 0, 'points': 6, 'matches': 3, 'team_id': 1810, 'position': 0, 'team_name': 'Van Gerwen M.', 'scores_for': 30, 'scores_against': 18, 'team_hash_image': 'e5281230fc54252da40c3c86448cda06e2b5d422669f501044d58d18aec97b06'}]"
81469,11402,home,Group B,12275,Champions League of Darts 2019,3215,Champions League of Darts,8a203869ae384b7732916d47637c78e95baec868d0f3c622a2915472dc3eabe3,"[{'wins': 0, 'losses': 0, 'points': 0, 'matches': 0, 'team_id': 2349, 'position': 0, 'team_name': 'Price G.', 'scores_for': 0, 'scores_against': 0, 'team_hash_image': '07971bdf5d7de2414e532a0ae232a176b9971c7f8ffdd8c4ad0f38d097ca6643'}, {'wins': 0, 'losses': 2, 'points': 0, 'matches': 2, 'team_id': 47438, 'position': 0, 'team_name': 'Gurney D.', 'scores_for': 13, 'scores_against': 20, 'team_hash_image': '18d642241d01cd1496eac2989362a2d35019d003b1c203bdf96ae377a2384630'}, {'wins': 0, 'losses': 3, 'points': 0, 'matches': 3, 'team_id': 1997, 'position': 0, 'team_name': 'Cross R.', 'scores_for': 19, 'scores_against': 30, 'team_hash_image': '0ee0e38aa04003eee9fcb0ca14eab6218403833a52051e6da44f17788fddc0d9'}, {'wins': 1, 'losses': 0, 'points': 2, 'matches': 1, 'team_id': 2154, 'position': 0, 'team_name': 'Wright P.', 'scores_for': 10, 'scores_against': 8, 'team_hash_image': '28c5a4d61a6acbc8a019a1bb872846e9ea9d43af89ad3fed96264e53710ddbe0'}]"
81470,11402,away,Group A,12275,Champions League of Darts 2019,3215,Champions League of Darts,8a203869ae384b7732916d47637c78e95baec868d0f3c622a2915472dc3eabe3,"[{'wins': 0, 'losses': 0, 'points': 0, 'matches': 0, 'team_id': 1810, 'position': 0, 'team_name': 'Van Gerwen M.', 'scores_for': 0, 'scores_against': 0, 'team_hash_image': 'e5281230fc54252da40c3c86448cda06e2b5d422669f501044d58d18aec97b06'}, {'wins': 0, 'losses': 1, 'points': 0, 'matches': 1, 'team_id': 2093, 'position': 0, 'team_name': 'Smith M.', 'scores_for': 6, 'scores_against': 10, 'team_hash_image': '7f48531f7f5c9a025bfe2de4398e28a3774de16710fd5be3097641a9bc74d229'}, {'wins': 0, 'losses': 2, 'points': 0, 'matches': 2, 'team_id': 2032, 'position': 0, 'team_name': 'Anderson G.', 'scores_for': 11, 'scores_against': 20, 'team_hash_image': 'e7695263ce57dff52ab29a0e2cde35f9fd18723ec604026a8c67afc81ab6d4d4'}, {'wins': 1, 'losses': 2, 'points': 2, 'matches': 3, 'team_id': 47448, 'position': 0, 'team_name': 'Wade J.', 'scores_for': 26, 'scores_against': 29, 'team_hash_image': '8405cdc2cc83067a1165e3cb65baed4e3b543f5dca9fd88d85a2b188b031b3d5'}]"
81471,11402,away,Group B,12275,Champions League of Darts 2019,3215,Champions League of Darts,8a203869ae384b7732916d47637c78e95baec868d0f3c622a2915472dc3eabe3,"[{'wins': 0, 'losses': 0, 'points': 0, 'matches': 0, 'team_id': 1997, 'position': 0, 'team_name': 'Cross R.', 'scores_for': 0, 'scores_against': 0, 'team_hash_image': '0ee0e38aa04003eee9fcb0ca14eab6218403833a52051e6da44f17788fddc0d9'}, {'wins': 1, 'losses': 0, 'points': 2, 'matches': 1, 'team_id': 47438, 'position': 0, 'team_name': 'Gurney D.', 'scores_for': 10, 'scores_against': 6, 'team_hash_image': '18d642241d01cd1496eac2989362a2d35019d003b1c203bdf96ae377a2384630'}, {'wins': 2, 'losses': 0, 'points': 4, 'matches': 2, 'team_id': 2154, 'position': 0, 'team_name': 'Wright P.', 'scores_for': 20, 'scores_against': 15, 'team_hash_image': '28c5a4d61a6acbc8a019a1bb872846e9ea9d43af89ad3fed96264e53710ddbe0'}, {'wins': 2, 'losses': 1, 'points': 4, 'matches': 3, 'team_id': 2349, 'position': 0, 'team_name': 'Price G.', 'scores_for': 28, 'scores_against': 21, 'team_hash_image': '07971bdf5d7de2414e532a0ae232a176b9971c7f8ffdd8c4ad0f38d097ca6643'}]"
81474,11404,total,Premier League,14226,Premier League 2021,2875,Premier League Darts,96cd11affc7dda52b6348b0d54d158a67cee178c7fae03e76b935147f33217c5,"[{'wins': 0, 'points': 0, 'matches': 9, 'team_id': 1962, 'position': 10, 'team_name': 'Durrant G.', 'team_hash_image': 'bf35ef7ab47bb4ae2c3c9167d1d8cf773c3a7b50d9c05300c3857e918d79aba7'}, {'wins': 3, 'points': 7, 'matches': 9, 'team_id': 1997, 'position': 9, 'team_name': 'Cross R.', 'team_hash_image': '0ee0e38aa04003eee9fcb0ca14eab6218403833a52051e6da44f17788fddc0d9'}, {'wins': 5, 'points': 13, 'matches': 16, 'team_id': 2032, 'position': 8, 'team_name': 'Anderson G.', 'team_hash_image': 'e7695263ce57dff52ab29a0e2cde35f9fd18723ec604026a8c67afc81ab6d4d4'}, {'wins': 5, 'points': 15, 'matches': 16, 'team_id': 47448, 'position': 6, 'team_name': 'Wade J.', 'team_hash_image': '8405cdc2cc83067a1165e3cb65baed4e3b543f5dca9fd88d85a2b188b031b3d5'}, {'wins': 6, 'points': 15, 'matches': 16, 'team_id': 2154, 'position': 7, 'team_name': 'Wright P.', 'team_hash_image': '28c5a4d61a6acbc8a019a1bb872846e9ea9d43af89ad3fed96264e53710ddbe0'}, {'wins': 6, 'points': 16, 'matches': 16, 'team_id': 47457, 'position': 5, 'team_name': 'Van Den Bergh D.', 'team_hash_image': 'f11e98bf5cee8c1b35709a04172626fd1880098344f17282db20bdb882760b63'}, {'wins': 7, 'points': 19, 'matches': 16, 'team_id': 2503, 'position': 3, 'team_name': 'Aspinall N.', 'team_hash_image': '1d367b1fad0e1dd324ec1702bb03b3d339199e796563a075988207e26a4b928b'}, {'wins': 8, 'points': 18, 'matches': 16, 'team_id': 47442, 'position': 4, 'team_name': 'Clayton J.', 'team_hash_image': '9133712ffd0e6db0554bf066573229fdc13228c757669c61999619cd5807d77b'}, {'wins': 8, 'points': 20, 'matches': 16, 'team_id': 47462, 'position': 2, 'team_name': 'De Sousa J.', 'team_hash_image': '1f22bfa4f37746effc9590ed612da93f98cbb412ed15f718aa86eb077476e940'}, {'wins': 10, 'points': 23, 'matches': 16, 'team_id': 1810, 'position': 1, 'team_name': 'Van Gerwen M.', 'team_hash_image': 'e5281230fc54252da40c3c86448cda06e2b5d422669f501044d58d18aec97b06'}]"
81477,11405,total,"Grand Slam of Darts 2021, Group B",14085,Grand Slam of Darts 2021,3295,Grand Slam of Darts,fa83813e76b193d7b48aeb9f88d41a81d428f12497c799ab14f2b8dda43de641,"[{'wins': 0, 'losses': 3, 'points': 0, 'matches': 3, 'team_id': 47474, 'position': 4, 'team_name': 'Rodriguez R.', 'scores_for': 10, 'scores_against': 15, 'team_hash_image': '1a1145baae4f1ad0445aeb4e2adcb03e9c75039398d13e11c5aa2cf51bfe6a64'}, {'wins': 1, 'losses': 2, 'points': 2, 'matches': 3, 'team_id': 47468, 'position': 3, 'team_name': 'King M.', 'scores_for': 10, 'scores_against': 14, 'team_hash_image': '303f0c4112fe111cc9d2af6bb4548056006c8d9aabdb86f8c91d5ca7c3576bf5'}, {'wins': 2, 'losses': 1, 'points': 4, 'matches': 3, 'team_id': 47463, 'position': 2, 'team_name': 'Brooks B.', 'scores_for': 13, 'scores_against': 9, 'team_hash_image': '8d9ecf18a9a7d66f3f476b7ee00d25c2696c09c0a066a46032dbad44cd8a5639'}, {'wins': 3, 'losses': 0, 'points': 6, 'matches': 3, 'team_id': 47442, 'position': 1, 'team_name': 'Clayton J.', 'scores_for': 15, 'scores_against': 10, 'team_hash_image': '9133712ffd0e6db0554bf066573229fdc13228c757669c61999619cd5807d77b'}]"
81488,11407,total,"Grand Slam of Darts 2022, Group B",12163,Grand Slam of Darts 2022,3295,Grand Slam of Darts,fa83813e76b193d7b48aeb9f88d41a81d428f12497c799ab14f2b8dda43de641,"[{'wins': 0, 'draws': 0, 'losses': 3, 'points': 0, 'matches': 3, 'team_id': 47476, 'position': 4, 'team_name': 'Perez C.', 'team_hash_image': '4d9c057c8b8564f642d48fd669bdec41a46c3fcc7935b2fe38d0f8d7953ceae0'}, {'wins': 1, 'draws': 0, 'losses': 2, 'points': 2, 'matches': 3, 'team_id': 2054, 'position': 3, 'team_name': 'Suljović M.', 'team_hash_image': 'b293777bbce0e129d220c590f7fb9caf0e9dfa8275a14b25882c6718e6c47d5b'}, {'wins': 2, 'draws': 0, 'losses': 1, 'points': 4, 'matches': 3, 'team_id': 47444, 'position': 2, 'team_name': 'Whitlock S.', 'team_hash_image': 'd68176627238c4720658fe2f1ab39dacb96e8af510ecda85a964c6044c3ed6dd'}, {'wins': 3, 'draws': 0, 'losses': 0, 'points': 6, 'matches': 3, 'team_id': 47469, 'position': 1, 'team_name': 'Noppert D.', 'team_hash_image': 'bc39dabc32fd2bd73cea6742e35ea0a680a98ea5aba3ba6aabe4df48a9ece92e'}]"
81491,11398,total,Premier League,18332,Premier League 2016,2875,Premier League Darts,96cd11affc7dda52b6348b0d54d158a67cee178c7fae03e76b935147f33217c5,"[{'wins': 1, 'points': 3, 'matches': 9, 'team_id': 1830, 'position': 9, 'team_name': 'Chisnall D.', 'scores_for': 41, 'scores_against': 55, 'team_hash_image': '38405eac2acf114948b84597cacb98687148240b3c91b3336ab9a1e774c32cd7'}, {'wins': 1, 'points': 3, 'matches': 9, 'team_id': 2093, 'position': 10, 'team_name': 'Smith M.', 'scores_for': 34, 'scores_against': 60, 'team_hash_image': '7f48531f7f5c9a025bfe2de4398e28a3774de16710fd5be3097641a9bc74d229'}, {'wins': 2, 'points': 6, 'matches': 16, 'team_id': 2618, 'position': 8, 'team_name': 'Thornton R.', 'scores_for': 60, 'scores_against': 103, 'team_hash_image': '03ca19b3eff8187e5b222bff4e0ae77751cb8bbaa0142dbe90b283a610cd6a6a'}, {'wins': 5, 'points': 12, 'matches': 16, 'team_id': 47455, 'position': 7, 'team_name': 'van Barneveld R.', 'scores_for': 86, 'scores_against': 94, 'team_hash_image': '7f746061efeeedab7ae4ca7c934d0a28bafe5fb02cc111789eae6e51670f07c8'}, {'wins': 6, 'points': 17, 'matches': 16, 'team_id': 2154, 'position': 5, 'team_name': 'Wright P.', 'scores_for': 86, 'scores_against': 86, 'team_hash_image': '28c5a4d61a6acbc8a019a1bb872846e9ea9d43af89ad3fed96264e53710ddbe0'}, {'wins': 7, 'points': 16, 'matches': 16, 'team_id': 47448, 'position': 6, 'team_name': 'Wade J.', 'scores_for': 82, 'scores_against': 89, 'team_hash_image': '8405cdc2cc83067a1165e3cb65baed4e3b543f5dca9fd88d85a2b188b031b3d5'}, {'wins': 8, 'points': 20, 'matches': 16, 'team_id': 2032, 'position': 3, 'team_name': 'Anderson G.', 'scores_for': 92, 'scores_against': 81, 'team_hash_image': 'e7695263ce57dff52ab29a0e2cde35f9fd18723ec604026a8c67afc81ab6d4d4'}, {'wins': 9, 'points': 19, 'matches': 16, 'team_id': 47470, 'position': 4, 'team_name': 'Lewis A.', 'scores_for': 89, 'scores_against': 79, 'team_hash_image': '40764b0d8431f697fe9bebf5168ca2f98a3587d2448156eb633df20ba65d14b5'}, {'wins': 11, 'points': 24, 'matches': 16, 'team_id': 2042, 'position': 2, 'team_name': 'Taylor P.', 'scores_for': 100, 'scores_against': 65, 'team_hash_image': '6351592b5508122def76d094440f181d274cf708e67b171969cc85ff2ac49f9d'}, {'wins': 11, 'points': 26, 'matches': 16, 'team_id': 1810, 'position': 1, 'team_name': 'Van Gerwen M.', 'scores_for': 105, 'scores_against': 63, 'team_hash_image': 'e5281230fc54252da40c3c86448cda06e2b5d422669f501044d58d18aec97b06'}]"
81494,11409,total,Group A,15119,Grand Slam of Darts 2020,3295,Grand Slam of Darts,fa83813e76b193d7b48aeb9f88d41a81d428f12497c799ab14f2b8dda43de641,"[{'wins': 1, 'losses': 2, 'points': 2, 'matches': 3, 'team_id': 47458, 'position': 3, 'team_name': 'Cullen J.', 'scores_for': 10, 'scores_against': 14, 'team_hash_image': '543eccfaa8c2e3d0b3528cbd45ee5596c9bbe42f3f14499a6f8e89cb8c6e59d7'}, {'wins': 1, 'losses': 2, 'points': 2, 'matches': 3, 'team_id': 47471, 'position': 2, 'team_name': 'Hunt A.', 'scores_for': 9, 'scores_against': 12, 'team_hash_image': '28251852cfeeffa475e341e1aae44605a2c9a4258a48fff74a463e9b1c379d75'}, {'wins': 1, 'losses': 2, 'points': 2, 'matches': 3, 'team_id': 47482, 'position': 4, 'team_name': 'Clemens G.', 'scores_for': 8, 'scores_against': 12, 'team_hash_image': 'aeb795cf83a873f0854dd8d084752b514093c2cbd2fcc3ed560193d208bd178b'}, {'wins': 3, 'losses': 0, 'points': 6, 'matches': 3, 'team_id': 1810, 'position': 1, 'team_name': 'Van Gerwen M.', 'scores_for': 15, 'scores_against': 4, 'team_hash_image': 'e5281230fc54252da40c3c86448cda06e2b5d422669f501044d58d18aec97b06'}]"
81495,11404,total,Premier League,15613,Premier League 2020,2875,Premier League Darts,96cd11affc7dda52b6348b0d54d158a67cee178c7fae03e76b935147f33217c5,"[{'wins': 1, 'points': 5, 'matches': 9, 'team_id': 1997, 'position': 9, 'team_name': 'Cross R.', 'scores_for': 44, 'scores_against': 58, 'team_hash_image': '0ee0e38aa04003eee9fcb0ca14eab6218403833a52051e6da44f17788fddc0d9'}, {'wins': 4, 'points': 11, 'matches': 16, 'team_id': 47438, 'position': 8, 'team_name': 'Gurney D.', 'scores_for': 86, 'scores_against': 101, 'team_hash_image': '18d642241d01cd1496eac2989362a2d35019d003b1c203bdf96ae377a2384630'}, {'wins': 5, 'points': 13, 'matches': 16, 'team_id': 2093, 'position': 7, 'team_name': 'Smith M.', 'scores_for': 89, 'scores_against': 96, 'team_hash_image': '7f48531f7f5c9a025bfe2de4398e28a3774de16710fd5be3097641a9bc74d229'}, {'wins': 6, 'points': 17, 'matches': 16, 'team_id': 2349, 'position': 5, 'team_name': 'Price G.', 'scores_for': 99, 'scores_against': 84, 'team_hash_image': '07971bdf5d7de2414e532a0ae232a176b9971c7f8ffdd8c4ad0f38d097ca6643'}, {'wins': 8, 'points': 17, 'matches': 16, 'team_id': 1810, 'position': 6, 'team_name': 'Van Gerwen M.', 'scores_for': 89, 'scores_against': 93, 'team_hash_image': 'e5281230fc54252da40c3c86448cda06e2b5d422669f501044d58d18aec97b06'}, {'wins': 8, 'points': 19, 'matches': 16, 'team_id': 2032, 'position': 4, 'team_name': 'Anderson G.', 'scores_for': 98, 'scores_against': 92, 'team_hash_image': 'e7695263ce57dff52ab29a0e2cde35f9fd18723ec604026a8c67afc81ab6d4d4'}, {'wins': 8, 'points': 21, 'matches': 16, 'team_id': 1962, 'position': 1, 'team_name': 'Durrant G.', 'scores_for': 104, 'scores_against': 85, 'team_hash_image': 'bf35ef7ab47bb4ae2c3c9167d1d8cf773c3a7b50d9c05300c3857e918d79aba7'}, {'wins': 9, 'points': 19, 'matches': 16, 'team_id': 2503, 'position': 3, 'team_name': 'Aspinall N.', 'scores_for': 103, 'scores_against': 92, 'team_hash_image': '1d367b1fad0e1dd324ec1702bb03b3d339199e796563a075988207e26a4b928b'}, {'wins': 9, 'points': 20, 'matches': 16, 'team_id': 2154, 'position': 2, 'team_name': 'Wright P.', 'scores_for': 102, 'scores_against': 84, 'team_hash_image': '28c5a4d61a6acbc8a019a1bb872846e9ea9d43af89ad3fed96264e53710ddbe0'}]"
81496,11412,total,"World Cup of Darts 2023, Group B",12150,World Cup of Darts 2023,4027,World Cup of Darts,8653388a7b545fbcfba78767bb2be010e3120a39f2fbfeeb500a533e87358bfe,"[{'wins': 0, 'draws': 0, 'losses': 2, 'points': 0, 'matches': 2, 'team_id': 47487, 'position': 3, 'team_name': 'Leung Ml / Lee Ly', 'team_hash_image': '275494be7c57986aa4208ef372490ffb0d71cfc0e1da087af716c1acc29bf57d'}, {'wins': 1, 'draws': 0, 'losses': 1, 'points': 2, 'matches': 2, 'team_id': 47481, 'position': 2, 'team_name': 'Matsuda J / Goto T', 'team_hash_image': '389523b716806ac94df73ea036019234286a8659de383290cc74e979e8408bd1'}, {'wins': 2, 'draws': 0, 'losses': 0, 'points': 4, 'matches': 2, 'team_id': 47472, 'position': 1, 'team_name': 'Clemens G / Schindler M', 'team_hash_image': 'c5f09a232e607a700469a6ab68c8f3b56b39794e004a61eda7ccee976404698f'}]"
81497,11413,total,Group A,15882,Grand Slam of Darts 2019,3295,Grand Slam of Darts,fa83813e76b193d7b48aeb9f88d41a81d428f12497c799ab14f2b8dda43de641,"[{'wins': 0, 'losses': 3, 'points': 0, 'matches': 3, 'team_id': 47480, 'position': 4, 'team_name': 'Smith R.', 'scores_for': 5, 'scores_against': 15, 'team_hash_image': 'c0cc56442d168ef216e1ea4b139cb54869b909261c0c9f3683265169ebf331d8'}, {'wins': 1, 'losses': 2, 'points': 2, 'matches': 3, 'team_id': 47475, 'position': 3, 'team_name': 'Williams J.', 'scores_for': 10, 'scores_against': 11, 'team_hash_image': 'f5434d0016f305315ad87663f6106a1a7fbc08311f68c524d06f1fc9f27ada1e'}, {'wins': 2, 'losses': 1, 'points': 4, 'matches': 3, 'team_id': 47470, 'position': 2, 'team_name': 'Lewis A.', 'scores_for': 12, 'scores_against': 10, 'team_hash_image': '40764b0d8431f697fe9bebf5168ca2f98a3587d2448156eb633df20ba65d14b5'}, {'wins': 3, 'losses': 0, 'points': 6, 'matches': 3, 'team_id': 1810, 'position': 1, 'team_name': 'Van Gerwen M.', 'scores_for': 15, 'scores_against': 6, 'team_hash_image': 'e5281230fc54252da40c3c86448cda06e2b5d422669f501044d58d18aec97b06'}]"
81498,11404,home,Premier League,15613,Premier League 2020,2875,Premier League Darts,96cd11affc7dda52b6348b0d54d158a67cee178c7fae03e76b935147f33217c5,"[{'wins': 1, 'points': 3, 'matches': 7, 'team_id': 47438, 'position': 1, 'team_name': 'Gurney D.', 'scores_for': 36, 'scores_against': 49, 'team_hash_image': '18d642241d01cd1496eac2989362a2d35019d003b1c203bdf96ae377a2384630'}, {'wins': 1, 'points': 4, 'matches': 4, 'team_id': 1997, 'position': 1, 'team_name': 'Cross R.', 'scores_for': 24, 'scores_against': 24, 'team_hash_image': '0ee0e38aa04003eee9fcb0ca14eab6218403833a52051e6da44f17788fddc0d9'}, {'wins': 2, 'points': 7, 'matches': 8, 'team_id': 2032, 'position': 1, 'team_name': 'Anderson G.', 'scores_for': 46, 'scores_against': 48, 'team_hash_image': 'e7695263ce57dff52ab29a0e2cde35f9fd18723ec604026a8c67afc81ab6d4d4'}, {'wins': 2, 'points': 7, 'matches': 8, 'team_id': 2349, 'position': 1, 'team_name': 'Price G.', 'scores_for': 48, 'scores_against': 45, 'team_hash_image': '07971bdf5d7de2414e532a0ae232a176b9971c7f8ffdd8c4ad0f38d097ca6643'}, {'wins': 3, 'points': 6, 'matches': 8, 'team_id': 1810, 'position': 1, 'team_name': 'Van Gerwen M.', 'scores_for': 40, 'scores_against': 49, 'team_hash_image': 'e5281230fc54252da40c3c86448cda06e2b5d422669f501044d58d18aec97b06'}, {'wins': 3, 'points': 7, 'matches': 8, 'team_id': 2093, 'position': 1, 'team_name': 'Smith M.', 'scores_for': 45, 'scores_against': 46, 'team_hash_image': '7f48531f7f5c9a025bfe2de4398e28a3774de16710fd5be3097641a9bc74d229'}, {'wins': 4, 'points': 8, 'matches': 8, 'team_id': 2503, 'position': 1, 'team_name': 'Aspinall N.', 'scores_for': 49, 'scores_against': 44, 'team_hash_image': '1d367b1fad0e1dd324ec1702bb03b3d339199e796563a075988207e26a4b928b'}, {'wins': 4, 'points': 11, 'matches': 9, 'team_id': 1962, 'position': 1, 'team_name': 'Durrant G.', 'scores_for': 61, 'scores_against': 50, 'team_hash_image': 'bf35ef7ab47bb4ae2c3c9167d1d8cf773c3a7b50d9c05300c3857e918d79aba7'}, {'wins': 6, 'points': 13, 'matches': 9, 'team_id': 2154, 'position': 1, 'team_name': 'Wright P.', 'scores_for': 62, 'scores_against': 43, 'team_hash_image': '28c5a4d61a6acbc8a019a1bb872846e9ea9d43af89ad3fed96264e53710ddbe0'}]"
81499,11404,away,Premier League,15613,Premier League 2020,2875,Premier League Darts,96cd11affc7dda52b6348b0d54d158a67cee178c7fae03e76b935147f33217c5,"[{'wins': 0, 'points': 1, 'matches': 5, 'team_id': 1997, 'position': 1, 'team_name': 'Cross R.', 'scores_for': 20, 'scores_against': 34, 'team_hash_image': '0ee0e38aa04003eee9fcb0ca14eab6218403833a52051e6da44f17788fddc0d9'}, {'wins': 2, 'points': 6, 'matches': 8, 'team_id': 2093, 'position': 1, 'team_name': 'Smith M.', 'scores_for': 44, 'scores_against': 50, 'team_hash_image': '7f48531f7f5c9a025bfe2de4398e28a3774de16710fd5be3097641a9bc74d229'}, {'wins': 3, 'points': 7, 'matches': 7, 'team_id': 2154, 'position': 1, 'team_name': 'Wright P.', 'scores_for': 40, 'scores_against': 41, 'team_hash_image': '28c5a4d61a6acbc8a019a1bb872846e9ea9d43af89ad3fed96264e53710ddbe0'}, {'wins': 3, 'points': 8, 'matches': 9, 'team_id': 47438, 'position': 1, 'team_name': 'Gurney D.', 'scores_for': 50, 'scores_against': 52, 'team_hash_image': '18d642241d01cd1496eac2989362a2d35019d003b1c203bdf96ae377a2384630'}, {'wins': 4, 'points': 10, 'matches': 7, 'team_id': 1962, 'position': 1, 'team_name': 'Durrant G.', 'scores_for': 43, 'scores_against': 35, 'team_hash_image': 'bf35ef7ab47bb4ae2c3c9167d1d8cf773c3a7b50d9c05300c3857e918d79aba7'}, {'wins': 4, 'points': 10, 'matches': 8, 'team_id': 2349, 'position': 1, 'team_name': 'Price G.', 'scores_for': 51, 'scores_against': 39, 'team_hash_image': '07971bdf5d7de2414e532a0ae232a176b9971c7f8ffdd8c4ad0f38d097ca6643'}, {'wins': 5, 'points': 11, 'matches': 8, 'team_id': 1810, 'position': 1, 'team_name': 'Van Gerwen M.', 'scores_for': 49, 'scores_against': 44, 'team_hash_image': 'e5281230fc54252da40c3c86448cda06e2b5d422669f501044d58d18aec97b06'}, {'wins': 5, 'points': 11, 'matches': 8, 'team_id': 2503, 'position': 1, 'team_name': 'Aspinall N.', 'scores_for': 54, 'scores_against': 48, 'team_hash_image': '1d367b1fad0e1dd324ec1702bb03b3d339199e796563a075988207e26a4b928b'}, {'wins': 6, 'points': 12, 'matches': 8, 'team_id': 2032, 'position': 1, 'team_name': 'Anderson G.', 'scores_for': 52, 'scores_against': 44, 'team_hash_image': 'e7695263ce57dff52ab29a0e2cde35f9fd18723ec604026a8c67afc81ab6d4d4'}]"
81500,11415,total,"Grand Slam of Darts 2021, Group C",14085,Grand Slam of Darts 2021,3295,Grand Slam of Darts,fa83813e76b193d7b48aeb9f88d41a81d428f12497c799ab14f2b8dda43de641,"[{'wins': 0, 'losses': 3, 'points': 0, 'matches': 3, 'team_id': 47479, 'position': 4, 'team_name': 'Krčmar B.', 'scores_for': 3, 'scores_against': 15, 'team_hash_image': '79fd92f53299adb552eb42abae8b1c736b3050092f8f9f8985860f88701dd255'}, {'wins': 2, 'losses': 1, 'points': 4, 'matches': 3, 'team_id': 1997, 'position': 2, 'team_name': 'Cross R.', 'scores_for': 12, 'scores_against': 8, 'team_hash_image': '0ee0e38aa04003eee9fcb0ca14eab6218403833a52051e6da44f17788fddc0d9'}, {'wins': 2, 'losses': 1, 'points': 4, 'matches': 3, 'team_id': 47448, 'position': 1, 'team_name': 'Wade J.', 'scores_for': 14, 'scores_against': 9, 'team_hash_image': '8405cdc2cc83067a1165e3cb65baed4e3b543f5dca9fd88d85a2b188b031b3d5'}, {'wins': 2, 'losses': 1, 'points': 4, 'matches': 3, 'team_id': 47475, 'position': 3, 'team_name': 'Williams J.', 'scores_for': 13, 'scores_against': 10, 'team_hash_image': 'f5434d0016f305315ad87663f6106a1a7fbc08311f68c524d06f1fc9f27ada1e'}]"
81501,11416,total,Group A,18748,Grand Slam of Darts 2014,3295,Grand Slam of Darts,fa83813e76b193d7b48aeb9f88d41a81d428f12497c799ab14f2b8dda43de641,"[{'wins': 0, 'losses': 3, 'points': 0, 'matches': 3, 'team_id': 47500, 'position': 4, 'team_name': 'Webster D.', 'scores_for': 7, 'scores_against': 15, 'team_hash_image': '933f101591f7adc5482ccd5914d55837a9f151b454c919c4b3001a2589a5474f'}, {'wins': 1, 'losses': 2, 'points': 2, 'matches': 3, 'team_id': 47491, 'position': 3, 'team_name': 'Dekker J.', 'scores_for': 7, 'scores_against': 12, 'team_hash_image': '7c41d8dc4693efcb693f047204f105bd203a86490edc38b460bdef1a85b9d728'}, {'wins': 2, 'losses': 1, 'points': 4, 'matches': 3, 'team_id': 47477, 'position': 2, 'team_name': 'Huybrechts K.', 'scores_for': 12, 'scores_against': 8, 'team_hash_image': '78bda0376d83972744df3a8029007dd9f5b556536f46cb39eef59ac2a57cad2d'}, {'wins': 3, 'losses': 0, 'points': 6, 'matches': 3, 'team_id': 1810, 'position': 1, 'team_name': 'Van Gerwen M.', 'scores_for': 15, 'scores_against': 6, 'team_hash_image': 'e5281230fc54252da40c3c86448cda06e2b5d422669f501044d58d18aec97b06'}]"
81502,11398,home,Premier League,18332,Premier League 2016,2875,Premier League Darts,96cd11affc7dda52b6348b0d54d158a67cee178c7fae03e76b935147f33217c5,"[{'wins': 0, 'points': 1, 'matches': 4, 'team_id': 1830, 'position': 0, 'team_name': 'Chisnall D.', 'scores_for': 17, 'scores_against': 27, 'team_hash_image': '38405eac2acf114948b84597cacb98687148240b3c91b3336ab9a1e774c32cd7'}, {'wins': 1, 'points': 2, 'matches': 4, 'team_id': 2093, 'position': 0, 'team_name': 'Smith M.', 'scores_for': 20, 'scores_against': 26, 'team_hash_image': '7f48531f7f5c9a025bfe2de4398e28a3774de16710fd5be3097641a9bc74d229'}, {'wins': 1, 'points': 2, 'matches': 8, 'team_id': 2618, 'position': 0, 'team_name': 'Thornton R.', 'scores_for': 28, 'scores_against': 51, 'team_hash_image': '03ca19b3eff8187e5b222bff4e0ae77751cb8bbaa0142dbe90b283a610cd6a6a'}, {'wins': 3, 'points': 7, 'matches': 8, 'team_id': 47448, 'position': 0, 'team_name': 'Wade J.', 'scores_for': 35, 'scores_against': 46, 'team_hash_image': '8405cdc2cc83067a1165e3cb65baed4e3b543f5dca9fd88d85a2b188b031b3d5'}, {'wins': 3, 'points': 7, 'matches': 8, 'team_id': 47455, 'position': 0, 'team_name': 'van Barneveld R.', 'scores_for': 47, 'scores_against': 46, 'team_hash_image': '7f746061efeeedab7ae4ca7c934d0a28bafe5fb02cc111789eae6e51670f07c8'}, {'wins': 3, 'points': 9, 'matches': 8, 'team_id': 2154, 'position': 0, 'team_name': 'Wright P.', 'scores_for': 44, 'scores_against': 42, 'team_hash_image': '28c5a4d61a6acbc8a019a1bb872846e9ea9d43af89ad3fed96264e53710ddbe0'}, {'wins': 4, 'points': 11, 'matches': 8, 'team_id': 1810, 'position': 0, 'team_name': 'Van Gerwen M.', 'scores_for': 50, 'scores_against': 34, 'team_hash_image': 'e5281230fc54252da40c3c86448cda06e2b5d422669f501044d58d18aec97b06'}, {'wins': 5, 'points': 11, 'matches': 8, 'team_id': 2032, 'position': 0, 'team_name': 'Anderson G.', 'scores_for': 47, 'scores_against': 37, 'team_hash_image': 'e7695263ce57dff52ab29a0e2cde35f9fd18723ec604026a8c67afc81ab6d4d4'}, {'wins': 5, 'points': 11, 'matches': 8, 'team_id': 2042, 'position': 0, 'team_name': 'Taylor P.', 'scores_for': 48, 'scores_against': 36, 'team_hash_image': '6351592b5508122def76d094440f181d274cf708e67b171969cc85ff2ac49f9d'}, {'wins': 6, 'points': 13, 'matches': 9, 'team_id': 47470, 'position': 0, 'team_name': 'Lewis A.', 'scores_for': 55, 'scores_against': 39, 'team_hash_image': '40764b0d8431f697fe9bebf5168ca2f98a3587d2448156eb633df20ba65d14b5'}]"
81503,11418,total,Group A,16611,Grand Slam of Darts 2018,3295,Grand Slam of Darts,fa83813e76b193d7b48aeb9f88d41a81d428f12497c799ab14f2b8dda43de641,"[{'wins': 0, 'losses': 3, 'points': 0, 'matches': 3, 'team_id': 47493, 'position': 4, 'team_name': 'Murnan J.', 'scores_for': 7, 'scores_against': 15, 'team_hash_image': '49be7c24d2f5b1d8ffbacbcb597dc4c1cf18aa1dcd084e16d67397835c08c220'}, {'wins': 1, 'losses': 2, 'points': 2, 'matches': 3, 'team_id': 47483, 'position': 3, 'team_name': 'Robson G.', 'scores_for': 9, 'scores_against': 14, 'team_hash_image': '3dda28325db596d0b95402d9fb8854f907d29d7d354edc4161e08cbb43df99ec'}, {'wins': 2, 'losses': 1, 'points': 4, 'matches': 3, 'team_id': 1810, 'position': 2, 'team_name': 'Van Gerwen M.', 'scores_for': 14, 'scores_against': 7, 'team_hash_image': 'e5281230fc54252da40c3c86448cda06e2b5d422669f501044d58d18aec97b06'}, {'wins': 3, 'losses': 0, 'points': 6, 'matches': 3, 'team_id': 47442, 'position': 1, 'team_name': 'Clayton J.', 'scores_for': 15, 'scores_against': 9, 'team_hash_image': '9133712ffd0e6db0554bf066573229fdc13228c757669c61999619cd5807d77b'}]"
81504,11398,away,Premier League,18332,Premier League 2016,2875,Premier League Darts,96cd11affc7dda52b6348b0d54d158a67cee178c7fae03e76b935147f33217c5,"[{'wins': 0, 'points': 1, 'matches': 5, 'team_id': 2093, 'position': 0, 'team_name': 'Smith M.', 'scores_for': 14, 'scores_against': 34, 'team_hash_image': '7f48531f7f5c9a025bfe2de4398e28a3774de16710fd5be3097641a9bc74d229'}, {'wins': 1, 'points': 2, 'matches': 5, 'team_id': 1830, 'position': 0, 'team_name': 'Chisnall D.', 'scores_for': 24, 'scores_against': 28, 'team_hash_image': '38405eac2acf114948b84597cacb98687148240b3c91b3336ab9a1e774c32cd7'}, {'wins': 1, 'points': 4, 'matches': 8, 'team_id': 2618, 'position': 0, 'team_name': 'Thornton R.', 'scores_for': 32, 'scores_against': 52, 'team_hash_image': '03ca19b3eff8187e5b222bff4e0ae77751cb8bbaa0142dbe90b283a610cd6a6a'}, {'wins': 2, 'points': 5, 'matches': 8, 'team_id': 47455, 'position': 0, 'team_name': 'van Barneveld R.', 'scores_for': 39, 'scores_against': 48, 'team_hash_image': '7f746061efeeedab7ae4ca7c934d0a28bafe5fb02cc111789eae6e51670f07c8'}, {'wins': 3, 'points': 6, 'matches': 7, 'team_id': 47470, 'position': 0, 'team_name': 'Lewis A.', 'scores_for': 34, 'scores_against': 40, 'team_hash_image': '40764b0d8431f697fe9bebf5168ca2f98a3587d2448156eb633df20ba65d14b5'}, {'wins': 3, 'points': 8, 'matches': 8, 'team_id': 2154, 'position': 0, 'team_name': 'Wright P.', 'scores_for': 42, 'scores_against': 44, 'team_hash_image': '28c5a4d61a6acbc8a019a1bb872846e9ea9d43af89ad3fed96264e53710ddbe0'}, {'wins': 3, 'points': 9, 'matches': 8, 'team_id': 2032, 'position': 0, 'team_name': 'Anderson G.', 'scores_for': 45, 'scores_against': 44, 'team_hash_image': 'e7695263ce57dff52ab29a0e2cde35f9fd18723ec604026a8c67afc81ab6d4d4'}, {'wins': 4, 'points': 9, 'matches': 8, 'team_id': 47448, 'position': 0, 'team_name': 'Wade J.', 'scores_for': 47, 'scores_against': 43, 'team_hash_image': '8405cdc2cc83067a1165e3cb65baed4e3b543f5dca9fd88d85a2b188b031b3d5'}, {'wins': 6, 'points': 13, 'matches': 8, 'team_id': 2042, 'position': 0, 'team_name': 'Taylor P.', 'scores_for': 52, 'scores_against': 29, 'team_hash_image': '6351592b5508122def76d094440f181d274cf708e67b171969cc85ff2ac49f9d'}, {'wins': 7, 'points': 15, 'matches': 8, 'team_id': 1810, 'position': 0, 'team_name': 'Van Gerwen M.', 'scores_for': 55, 'scores_against': 29, 'team_hash_image': 'e5281230fc54252da40c3c86448cda06e2b5d422669f501044d58d18aec97b06'}]"
81505,11419,total,"Grand Slam of Darts 2022, Group C",12163,Grand Slam of Darts 2022,3295,Grand Slam of Darts,fa83813e76b193d7b48aeb9f88d41a81d428f12497c799ab14f2b8dda43de641,"[{'wins': 0, 'draws': 0, 'losses': 3, 'points': 0, 'matches': 3, 'team_id': 47497, 'position': 4, 'team_name': 'Ashton L.', 'team_hash_image': 'd6ae8b95bd350862ef8a028b3b289b5f9177cfaa1f65a7846af2909c1de49532'}, {'wins': 1, 'draws': 0, 'losses': 2, 'points': 2, 'matches': 3, 'team_id': 47485, 'position': 3, 'team_name': 'Edhouse R.', 'team_hash_image': '98d4a125120d22b7d435339edb635708dbf36897f880185da72006d32e30d5ca'}, {'wins': 2, 'draws': 0, 'losses': 1, 'points': 4, 'matches': 3, 'team_id': 47458, 'position': 2, 'team_name': 'Cullen J.', 'team_hash_image': '543eccfaa8c2e3d0b3528cbd45ee5596c9bbe42f3f14499a6f8e89cb8c6e59d7'}, {'wins': 3, 'draws': 0, 'losses': 0, 'points': 6, 'matches': 3, 'team_id': 2093, 'position': 1, 'team_name': 'Smith M.', 'team_hash_image': '7f48531f7f5c9a025bfe2de4398e28a3774de16710fd5be3097641a9bc74d229'}]"
81506,11398,total,Premier League,17239,Premier League 2018,2875,Premier League Darts,96cd11affc7dda52b6348b0d54d158a67cee178c7fae03e76b935147f33217c5,"[{'wins': 0, 'points': 2, 'matches': 9, 'team_id': 2349, 'position': 10, 'team_name': 'Price G.', 'scores_for': 32, 'scores_against': 61, 'team_hash_image': '07971bdf5d7de2414e532a0ae232a176b9971c7f8ffdd8c4ad0f38d097ca6643'}, {'wins': 2, 'points': 4, 'matches': 9, 'team_id': 2054, 'position': 9, 'team_name': 'Suljović M.', 'scores_for': 40, 'scores_against': 53, 'team_hash_image': 'b293777bbce0e129d220c590f7fb9caf0e9dfa8275a14b25882c6718e6c47d5b'}, {'wins': 4, 'points': 14, 'matches': 16, 'team_id': 2154, 'position': 7, 'team_name': 'Wright P.', 'scores_for': 74, 'scores_against': 94, 'team_hash_image': '28c5a4d61a6acbc8a019a1bb872846e9ea9d43af89ad3fed96264e53710ddbe0'}, {'wins': 4, 'points': 16, 'matches': 16, 'team_id': 47438, 'position': 5, 'team_name': 'Gurney D.', 'scores_for': 89, 'scores_against': 88, 'team_hash_image': '18d642241d01cd1496eac2989362a2d35019d003b1c203bdf96ae377a2384630'}, {'wins': 5, 'points': 13, 'matches': 16, 'team_id': 47444, 'position': 8, 'team_name': 'Whitlock S.', 'scores_for': 74, 'scores_against': 92, 'team_hash_image': 'd68176627238c4720658fe2f1ab39dacb96e8af510ecda85a964c6044c3ed6dd'}, {'wins': 6, 'points': 16, 'matches': 16, 'team_id': 47455, 'position': 6, 'team_name': 'van Barneveld R.', 'scores_for': 80, 'scores_against': 88, 'team_hash_image': '7f746061efeeedab7ae4ca7c934d0a28bafe5fb02cc111789eae6e51670f07c8'}, {'wins': 8, 'points': 19, 'matches': 16, 'team_id': 1997, 'position': 4, 'team_name': 'Cross R.', 'scores_for': 87, 'scores_against': 82, 'team_hash_image': '0ee0e38aa04003eee9fcb0ca14eab6218403833a52051e6da44f17788fddc0d9'}, {'wins': 8, 'points': 19, 'matches': 16, 'team_id': 2032, 'position': 3, 'team_name': 'Anderson G.', 'scores_for': 95, 'scores_against': 80, 'team_hash_image': 'e7695263ce57dff52ab29a0e2cde35f9fd18723ec604026a8c67afc81ab6d4d4'}, {'wins': 9, 'points': 20, 'matches': 16, 'team_id': 2093, 'position': 2, 'team_name': 'Smith M.', 'scores_for': 90, 'scores_against': 66, 'team_hash_image': '7f48531f7f5c9a025bfe2de4398e28a3774de16710fd5be3097641a9bc74d229'}, {'wins': 11, 'points': 23, 'matches': 16, 'team_id': 1810, 'position': 1, 'team_name': 'Van Gerwen M.', 'scores_for': 103, 'scores_against': 60, 'team_hash_image': 'e5281230fc54252da40c3c86448cda06e2b5d422669f501044d58d18aec97b06'}]"
81507,11420,total,Group A,17245,Grand Slam of Darts 2017,3295,Grand Slam of Darts,fa83813e76b193d7b48aeb9f88d41a81d428f12497c799ab14f2b8dda43de641,"[{'wins': 0, 'losses': 3, 'points': 0, 'matches': 3, 'team_id': 47493, 'position': 4, 'team_name': 'Murnan J.', 'scores_for': 6, 'scores_against': 15, 'team_hash_image': '49be7c24d2f5b1d8ffbacbcb597dc4c1cf18aa1dcd084e16d67397835c08c220'}, {'wins': 1, 'losses': 2, 'points': 2, 'matches': 3, 'team_id': 47484, 'position': 3, 'team_name': 'Montgomery R.', 'scores_for': 8, 'scores_against': 13, 'team_hash_image': '93886e93759d4f2c676c2b36efac01cccd84bb38884f6ea764d20b9d792abe7b'}, {'wins': 2, 'losses': 1, 'points': 4, 'matches': 3, 'team_id': 1997, 'position': 2, 'team_name': 'Cross R.', 'scores_for': 14, 'scores_against': 8, 'team_hash_image': '0ee0e38aa04003eee9fcb0ca14eab6218403833a52051e6da44f17788fddc0d9'}, {'wins': 3, 'losses': 0, 'points': 6, 'matches': 3, 'team_id': 1810, 'position': 1, 'team_name': 'Van Gerwen M.', 'scores_for': 15, 'scores_against': 7, 'team_hash_image': 'e5281230fc54252da40c3c86448cda06e2b5d422669f501044d58d18aec97b06'}]"
81508,11398,home,Premier League,17239,Premier League 2018,2875,Premier League Darts,96cd11affc7dda52b6348b0d54d158a67cee178c7fae03e76b935147f33217c5,"[{'wins': 0, 'points': 0, 'matches': 4, 'team_id': 2349, 'position': 0, 'team_name': 'Price G.', 'scores_for': 14, 'scores_against': 28, 'team_hash_image': '07971bdf5d7de2414e532a0ae232a176b9971c7f8ffdd8c4ad0f38d097ca6643'}, {'wins': 0, 'points': 0, 'matches': 5, 'team_id': 2054, 'position': 0, 'team_name': 'Suljović M.', 'scores_for': 18, 'scores_against': 35, 'team_hash_image': 'b293777bbce0e129d220c590f7fb9caf0e9dfa8275a14b25882c6718e6c47d5b'}, {'wins': 2, 'points': 5, 'matches': 7, 'team_id': 2032, 'position': 0, 'team_name': 'Anderson G.', 'scores_for': 36, 'scores_against': 40, 'team_hash_image': 'e7695263ce57dff52ab29a0e2cde35f9fd18723ec604026a8c67afc81ab6d4d4'}, {'wins': 2, 'points': 6, 'matches': 8, 'team_id': 47455, 'position': 0, 'team_name': 'van Barneveld R.', 'scores_for': 33, 'scores_against': 48, 'team_hash_image': '7f746061efeeedab7ae4ca7c934d0a28bafe5fb02cc111789eae6e51670f07c8'}, {'wins': 2, 'points': 7, 'matches': 9, 'team_id': 2154, 'position': 0, 'team_name': 'Wright P.', 'scores_for': 39, 'scores_against': 55, 'team_hash_image': '28c5a4d61a6acbc8a019a1bb872846e9ea9d43af89ad3fed96264e53710ddbe0'}, {'wins': 3, 'points': 9, 'matches': 8, 'team_id': 47444, 'position': 0, 'team_name': 'Whitlock S.', 'scores_for': 41, 'scores_against': 44, 'team_hash_image': 'd68176627238c4720658fe2f1ab39dacb96e8af510ecda85a964c6044c3ed6dd'}, {'wins': 3, 'points': 11, 'matches': 9, 'team_id': 47438, 'position': 0, 'team_name': 'Gurney D.', 'scores_for': 54, 'scores_against': 46, 'team_hash_image': '18d642241d01cd1496eac2989362a2d35019d003b1c203bdf96ae377a2384630'}, {'wins': 4, 'points': 8, 'matches': 7, 'team_id': 1810, 'position': 0, 'team_name': 'Van Gerwen M.', 'scores_for': 43, 'scores_against': 31, 'team_hash_image': 'e5281230fc54252da40c3c86448cda06e2b5d422669f501044d58d18aec97b06'}, {'wins': 4, 'points': 9, 'matches': 8, 'team_id': 1997, 'position': 0, 'team_name': 'Cross R.', 'scores_for': 40, 'scores_against': 40, 'team_hash_image': '0ee0e38aa04003eee9fcb0ca14eab6218403833a52051e6da44f17788fddc0d9'}, {'wins': 4, 'points': 9, 'matches': 8, 'team_id': 2093, 'position': 0, 'team_name': 'Smith M.', 'scores_for': 42, 'scores_against': 37, 'team_hash_image': '7f48531f7f5c9a025bfe2de4398e28a3774de16710fd5be3097641a9bc74d229'}]"
81509,11421,total,"Grand Slam of Darts 2021, Group D",14085,Grand Slam of Darts 2021,3295,Grand Slam of Darts,fa83813e76b193d7b48aeb9f88d41a81d428f12497c799ab14f2b8dda43de641,"[{'wins': 1, 'losses': 2, 'points': 2, 'matches': 3, 'team_id': 2463, 'position': 3, 'team_name': 'Dobey C.', 'scores_for': 11, 'scores_against': 13, 'team_hash_image': 'a9eb485141e05542816256258d824b6eb06bf3d31607e2c1164e2c6f6c2c1754'}, {'wins': 1, 'losses': 2, 'points': 2, 'matches': 3, 'team_id': 47494, 'position': 4, 'team_name': 'Bunting S.', 'scores_for': 10, 'scores_against': 13, 'team_hash_image': '0bdcb2f74425a1e70b028e51b96a476924a54a740eee9ed549b42333aaf9cd67'}, {'wins': 2, 'losses': 1, 'points': 4, 'matches': 3, 'team_id': 47486, 'position': 1, 'team_name': 'Joyce R.', 'scores_for': 13, 'scores_against': 10, 'team_hash_image': 'c4038874cc6dc878ec18f05ae3787db9373a19329b28692c231cedc5e36ecc86'}, {'wins': 2, 'losses': 1, 'points': 4, 'matches': 3, 'team_id': 47499, 'position': 2, 'team_name': 'Rodriguez R.', 'scores_for': 11, 'scores_against': 9, 'team_hash_image': '1a1145baae4f1ad0445aeb4e2adcb03e9c75039398d13e11c5aa2cf51bfe6a64'}]"
81510,11398,away,Premier League,17239,Premier League 2018,2875,Premier League Darts,96cd11affc7dda52b6348b0d54d158a67cee178c7fae03e76b935147f33217c5,"[{'wins': 0, 'points': 2, 'matches': 5, 'team_id': 2349, 'position': 0, 'team_name': 'Price G.', 'scores_for': 18, 'scores_against': 33, 'team_hash_image': '07971bdf5d7de2414e532a0ae232a176b9971c7f8ffdd8c4ad0f38d097ca6643'}, {'wins': 1, 'points': 5, 'matches': 7, 'team_id': 47438, 'position': 0, 'team_name': 'Gurney D.', 'scores_for': 35, 'scores_against': 42, 'team_hash_image': '18d642241d01cd1496eac2989362a2d35019d003b1c203bdf96ae377a2384630'}, {'wins': 2, 'points': 4, 'matches': 4, 'team_id': 2054, 'position': 0, 'team_name': 'Suljović M.', 'scores_for': 22, 'scores_against': 18, 'team_hash_image': 'b293777bbce0e129d220c590f7fb9caf0e9dfa8275a14b25882c6718e6c47d5b'}, {'wins': 2, 'points': 4, 'matches': 8, 'team_id': 47444, 'position': 0, 'team_name': 'Whitlock S.', 'scores_for': 33, 'scores_against': 48, 'team_hash_image': 'd68176627238c4720658fe2f1ab39dacb96e8af510ecda85a964c6044c3ed6dd'}, {'wins': 2, 'points': 7, 'matches': 7, 'team_id': 2154, 'position': 0, 'team_name': 'Wright P.', 'scores_for': 35, 'scores_against': 39, 'team_hash_image': '28c5a4d61a6acbc8a019a1bb872846e9ea9d43af89ad3fed96264e53710ddbe0'}, {'wins': 4, 'points': 10, 'matches': 8, 'team_id': 1997, 'position': 0, 'team_name': 'Cross R.', 'scores_for': 47, 'scores_against': 42, 'team_hash_image': '0ee0e38aa04003eee9fcb0ca14eab6218403833a52051e6da44f17788fddc0d9'}, {'wins': 4, 'points': 10, 'matches': 8, 'team_id': 47455, 'position': 0, 'team_name': 'van Barneveld R.', 'scores_for': 47, 'scores_against': 40, 'team_hash_image': '7f746061efeeedab7ae4ca7c934d0a28bafe5fb02cc111789eae6e51670f07c8'}, {'wins': 5, 'points': 11, 'matches': 8, 'team_id': 2093, 'position': 0, 'team_name': 'Smith M.', 'scores_for': 48, 'scores_against': 29, 'team_hash_image': '7f48531f7f5c9a025bfe2de4398e28a3774de16710fd5be3097641a9bc74d229'}, {'wins': 6, 'points': 14, 'matches': 9, 'team_id': 2032, 'position': 0, 'team_name': 'Anderson G.', 'scores_for': 59, 'scores_against': 40, 'team_hash_image': 'e7695263ce57dff52ab29a0e2cde35f9fd18723ec604026a8c67afc81ab6d4d4'}, {'wins': 7, 'points': 15, 'matches': 9, 'team_id': 1810, 'position': 0, 'team_name': 'Van Gerwen M.', 'scores_for': 60, 'scores_against': 29, 'team_hash_image': 'e5281230fc54252da40c3c86448cda06e2b5d422669f501044d58d18aec97b06'}]"
81511,11398,total,Premier League,17836,Premier League 2017,2875,Premier League Darts,96cd11affc7dda52b6348b0d54d158a67cee178c7fae03e76b935147f33217c5,"[{'wins': 0, 'points': 3, 'matches': 8, 'team_id': 47477, 'position': 10, 'team_name': 'Huybrechts K.', 'scores_for': 37, 'scores_against': 53, 'team_hash_image': '78bda0376d83972744df3a8029007dd9f5b556536f46cb39eef59ac2a57cad2d'}, {'wins': 1, 'points': 3, 'matches': 9, 'team_id': 47489, 'position': 9, 'team_name': 'Klaasen J.', 'scores_for': 42, 'scores_against': 58, 'team_hash_image': '3e5314979d2efbaef6fa7319d56b227f85dafc27ea7c56096ccb2a4755a28f90'}, {'wins': 5, 'points': 13, 'matches': 16, 'team_id': 47448, 'position': 7, 'team_name': 'Wade J.', 'scores_for': 82, 'scores_against': 95, 'team_hash_image': '8405cdc2cc83067a1165e3cb65baed4e3b543f5dca9fd88d85a2b188b031b3d5'}, {'wins': 6, 'points': 13, 'matches': 16, 'team_id': 47470, 'position': 8, 'team_name': 'Lewis A.', 'scores_for': 76, 'scores_against': 90, 'team_hash_image': '40764b0d8431f697fe9bebf5168ca2f98a3587d2448156eb633df20ba65d14b5'}, {'wins': 6, 'points': 14, 'matches': 16, 'team_id': 47455, 'position': 6, 'team_name': 'van Barneveld R.', 'scores_for': 79, 'scores_against': 89, 'team_hash_image': '7f746061efeeedab7ae4ca7c934d0a28bafe5fb02cc111789eae6e51670f07c8'}, {'wins': 6, 'points': 16, 'matches': 16, 'team_id': 1830, 'position': 5, 'team_name': 'Chisnall D.', 'scores_for': 82, 'scores_against': 87, 'team_hash_image': '38405eac2acf114948b84597cacb98687148240b3c91b3336ab9a1e774c32cd7'}, {'wins': 7, 'points': 18, 'matches': 16, 'team_id': 2032, 'position': 4, 'team_name': 'Anderson G.', 'scores_for': 91, 'scores_against': 79, 'team_hash_image': 'e7695263ce57dff52ab29a0e2cde35f9fd18723ec604026a8c67afc81ab6d4d4'}, {'wins': 8, 'points': 19, 'matches': 16, 'team_id': 2042, 'position': 3, 'team_name': 'Taylor P.', 'scores_for': 92, 'scores_against': 85, 'team_hash_image': '6351592b5508122def76d094440f181d274cf708e67b171969cc85ff2ac49f9d'}, {'wins': 9, 'points': 21, 'matches': 15, 'team_id': 2154, 'position': 2, 'team_name': 'Wright P.', 'scores_for': 91, 'scores_against': 68, 'team_hash_image': '28c5a4d61a6acbc8a019a1bb872846e9ea9d43af89ad3fed96264e53710ddbe0'}, {'wins': 10, 'points': 24, 'matches': 16, 'team_id': 1810, 'position': 1, 'team_name': 'Van Gerwen M.', 'scores_for': 102, 'scores_against': 70, 'team_hash_image': 'e5281230fc54252da40c3c86448cda06e2b5d422669f501044d58d18aec97b06'}]"
81512,11422,total,"Grand Slam of Darts 2016, Group A",17756,Grand Slam of Darts 2016,3295,Grand Slam of Darts,fa83813e76b193d7b48aeb9f88d41a81d428f12497c799ab14f2b8dda43de641,"[{'wins': 0, 'losses': 3, 'points': 0, 'matches': 3, 'team_id': 47529, 'position': 4, 'team_name': 'Adams M.', 'scores_for': 8, 'scores_against': 15, 'team_hash_image': 'd6a1018c13fd2eea03a7e040cdb15495e0aea24656b59ae62ab9a6d21dcdd5e4'}, {'wins': 1, 'losses': 2, 'points': 2, 'matches': 3, 'team_id': 47508, 'position': 3, 'team_name': 'Hopp M.', 'scores_for': 10, 'scores_against': 13, 'team_hash_image': '3ce9c03cd52e4cc7dac807fd42316af827e72bfcded974dc192597397b210aca'}, {'wins': 2, 'losses': 1, 'points': 4, 'matches': 3, 'team_id': 47490, 'position': 2, 'team_name': 'Dolan B.', 'scores_for': 11, 'scores_against': 12, 'team_hash_image': '557f1bd751f733bbe384c468d933e79c59fe939d138e9b6fe8c621db7d8daba9'}, {'wins': 3, 'losses': 0, 'points': 6, 'matches': 3, 'team_id': 1810, 'position': 1, 'team_name': 'Van Gerwen M.', 'scores_for': 15, 'scores_against': 4, 'team_hash_image': 'e5281230fc54252da40c3c86448cda06e2b5d422669f501044d58d18aec97b06'}]"
81513,11423,total,Group F,15882,Grand Slam of Darts 2019,3295,Grand Slam of Darts,fa83813e76b193d7b48aeb9f88d41a81d428f12497c799ab14f2b8dda43de641,"[{'wins': 0, 'losses': 3, 'points': 0, 'matches': 3, 'team_id': 1824, 'position': 4, 'team_name': 'Warren W.', 'scores_for': 4, 'scores_against': 15, 'team_hash_image': 'a5753f7377992873c3442bd5c411d41bfb341455039a3c99588ccd752190f515'}, {'wins': 1, 'losses': 2, 'points': 2, 'matches': 3, 'team_id': 47469, 'position': 3, 'team_name': 'Noppert D.', 'scores_for': 11, 'scores_against': 11, 'team_hash_image': 'bc39dabc32fd2bd73cea6742e35ea0a680a98ea5aba3ba6aabe4df48a9ece92e'}, {'wins': 2, 'losses': 1, 'points': 4, 'matches': 3, 'team_id': 47488, 'position': 2, 'team_name': 'Harrington R.', 'scores_for': 12, 'scores_against': 10, 'team_hash_image': '04552d6875f9b7b196e3db9a1242b19199cfb73d233b9c06441aee0f2d65afc9'}, {'wins': 3, 'losses': 0, 'points': 6, 'matches': 3, 'team_id': 2154, 'position': 1, 'team_name': 'Wright P.', 'scores_for': 15, 'scores_against': 6, 'team_hash_image': '28c5a4d61a6acbc8a019a1bb872846e9ea9d43af89ad3fed96264e53710ddbe0'}]"
81514,11398,total,Premier League,18866,Premier League 2015,2875,Premier League Darts,96cd11affc7dda52b6348b0d54d158a67cee178c7fae03e76b935147f33217c5,"[{'wins': 1, 'points': 4, 'matches': 9, 'team_id': 47477, 'position': 10, 'team_name': 'Huybrechts K.', 'scores_for': 42, 'scores_against': 59, 'team_hash_image': '78bda0376d83972744df3a8029007dd9f5b556536f46cb39eef59ac2a57cad2d'}, {'wins': 1, 'points': 6, 'matches': 9, 'team_id': 2154, 'position': 9, 'team_name': 'Wright P.', 'scores_for': 40, 'scores_against': 57, 'team_hash_image': '28c5a4d61a6acbc8a019a1bb872846e9ea9d43af89ad3fed96264e53710ddbe0'}, {'wins': 3, 'points': 11, 'matches': 16, 'team_id': 47494, 'position': 8, 'team_name': 'Bunting S.', 'scores_for': 75, 'scores_against': 93, 'team_hash_image': '0bdcb2f74425a1e70b028e51b96a476924a54a740eee9ed549b42333aaf9cd67'}, {'wins': 3, 'points': 12, 'matches': 16, 'team_id': 47448, 'position': 7, 'team_name': 'Wade J.', 'scores_for': 76, 'scores_against': 93, 'team_hash_image': '8405cdc2cc83067a1165e3cb65baed4e3b543f5dca9fd88d85a2b188b031b3d5'}, {'wins': 5, 'points': 14, 'matches': 16, 'team_id': 47470, 'position': 6, 'team_name': 'Lewis A.', 'scores_for': 76, 'scores_against': 89, 'team_hash_image': '40764b0d8431f697fe9bebf5168ca2f98a3587d2448156eb633df20ba65d14b5'}, {'wins': 6, 'points': 15, 'matches': 16, 'team_id': 2042, 'position': 5, 'team_name': 'Taylor P.', 'scores_for': 87, 'scores_against': 83, 'team_hash_image': '6351592b5508122def76d094440f181d274cf708e67b171969cc85ff2ac49f9d'}, {'wins': 8, 'points': 19, 'matches': 16, 'team_id': 47455, 'position': 4, 'team_name': 'van Barneveld R.', 'scores_for': 90, 'scores_against': 82, 'team_hash_image': '7f746061efeeedab7ae4ca7c934d0a28bafe5fb02cc111789eae6e51670f07c8'}, {'wins': 9, 'points': 20, 'matches': 16, 'team_id': 2032, 'position': 3, 'team_name': 'Anderson G.', 'scores_for': 90, 'scores_against': 80, 'team_hash_image': 'e7695263ce57dff52ab29a0e2cde35f9fd18723ec604026a8c67afc81ab6d4d4'}, {'wins': 10, 'points': 22, 'matches': 16, 'team_id': 1830, 'position': 2, 'team_name': 'Chisnall D.', 'scores_for': 97, 'scores_against': 67, 'team_hash_image': '38405eac2acf114948b84597cacb98687148240b3c91b3336ab9a1e774c32cd7'}, {'wins': 10, 'points': 23, 'matches': 16, 'team_id': 1810, 'position': 1, 'team_name': 'Van Gerwen M.', 'scores_for': 101, 'scores_against': 71, 'team_hash_image': 'e5281230fc54252da40c3c86448cda06e2b5d422669f501044d58d18aec97b06'}]"
81515,11425,total,Group D,15119,Grand Slam of Darts 2020,3295,Grand Slam of Darts,fa83813e76b193d7b48aeb9f88d41a81d428f12497c799ab14f2b8dda43de641,"[{'wins': 0, 'losses': 3, 'points': 0, 'matches': 3, 'team_id': 47492, 'position': 4, 'team_name': 'Pipe J.', 'scores_for': 7, 'scores_against': 15, 'team_hash_image': 'a8d81d878b714ef6ed8e911576d104b9e8d3d0cb930aee7b2a256f5041fa12d6'}, {'wins': 1, 'losses': 2, 'points': 2, 'matches': 3, 'team_id': 2324, 'position': 3, 'team_name': 'Humphries L.', 'scores_for': 11, 'scores_against': 14, 'team_hash_image': '95f2b782d8a55d2a23da4c9b981242f84eb2c12d862e0fb04757ca85c4c36424'}, {'wins': 2, 'losses': 1, 'points': 4, 'matches': 3, 'team_id': 1997, 'position': 2, 'team_name': 'Cross R.', 'scores_for': 12, 'scores_against': 8, 'team_hash_image': '0ee0e38aa04003eee9fcb0ca14eab6218403833a52051e6da44f17788fddc0d9'}, {'wins': 3, 'losses': 0, 'points': 6, 'matches': 3, 'team_id': 1830, 'position': 1, 'team_name': 'Chisnall D.', 'scores_for': 15, 'scores_against': 8, 'team_hash_image': '38405eac2acf114948b84597cacb98687148240b3c91b3336ab9a1e774c32cd7'}]"
81516,11398,total,Premier League,19322,Premier League 2014,2875,Premier League Darts,96cd11affc7dda52b6348b0d54d158a67cee178c7fae03e76b935147f33217c5,"[{'wins': 1, 'points': 5, 'matches': 9, 'team_id': 47444, 'position': 10, 'team_name': 'Whitlock S.', 'scores_for': 38, 'scores_against': 58, 'team_hash_image': 'd68176627238c4720658fe2f1ab39dacb96e8af510ecda85a964c6044c3ed6dd'}, {'wins': 2, 'points': 6, 'matches': 9, 'team_id': 47498, 'position': 9, 'team_name': 'Newton W.', 'scores_for': 39, 'scores_against': 54, 'team_hash_image': 'a1e8e70fe9c71830c8d0d4523b44503503a50825f3d0540412639662a180a90e'}, {'wins': 2, 'points': 9, 'matches': 16, 'team_id': 2618, 'position': 8, 'team_name': 'Thornton R.', 'scores_for': 84, 'scores_against': 100, 'team_hash_image': '03ca19b3eff8187e5b222bff4e0ae77751cb8bbaa0142dbe90b283a610cd6a6a'}, {'wins': 3, 'points': 10, 'matches': 16, 'team_id': 1830, 'position': 7, 'team_name': 'Chisnall D.', 'scores_for': 83, 'scores_against': 101, 'team_hash_image': '38405eac2acf114948b84597cacb98687148240b3c91b3336ab9a1e774c32cd7'}, {'wins': 5, 'points': 15, 'matches': 16, 'team_id': 47470, 'position': 6, 'team_name': 'Lewis A.', 'scores_for': 83, 'scores_against': 90, 'team_hash_image': '40764b0d8431f697fe9bebf5168ca2f98a3587d2448156eb633df20ba65d14b5'}, {'wins': 6, 'points': 17, 'matches': 16, 'team_id': 2154, 'position': 5, 'team_name': 'Wright P.', 'scores_for': 95, 'scores_against': 86, 'team_hash_image': '28c5a4d61a6acbc8a019a1bb872846e9ea9d43af89ad3fed96264e53710ddbe0'}, {'wins': 7, 'points': 20, 'matches': 16, 'team_id': 47455, 'position': 2, 'team_name': 'van Barneveld R.', 'scores_for': 98, 'scores_against': 82, 'team_hash_image': '7f746061efeeedab7ae4ca7c934d0a28bafe5fb02cc111789eae6e51670f07c8'}, {'wins': 8, 'points': 20, 'matches': 16, 'team_id': 2042, 'position': 3, 'team_name': 'Taylor P.', 'scores_for': 92, 'scores_against': 80, 'team_hash_image': '6351592b5508122def76d094440f181d274cf708e67b171969cc85ff2ac49f9d'}, {'wins': 9, 'points': 20, 'matches': 16, 'team_id': 2032, 'position': 4, 'team_name': 'Anderson G.', 'scores_for': 94, 'scores_against': 82, 'team_hash_image': 'e7695263ce57dff52ab29a0e2cde35f9fd18723ec604026a8c67afc81ab6d4d4'}, {'wins': 11, 'points': 24, 'matches': 16, 'team_id': 1810, 'position': 1, 'team_name': 'Van Gerwen M.', 'scores_for': 102, 'scores_against': 75, 'team_hash_image': 'e5281230fc54252da40c3c86448cda06e2b5d422669f501044d58d18aec97b06'}]"
81517,11428,total,Group A,19136,Grand Slam of Darts 2013,3295,Grand Slam of Darts,fa83813e76b193d7b48aeb9f88d41a81d428f12497c799ab14f2b8dda43de641,"[{'wins': 0, 'losses': 3, 'points': 0, 'matches': 3, 'team_id': 47524, 'position': 4, 'team_name': 'Painter K.', 'scores_for': 6, 'scores_against': 15, 'team_hash_image': '00bf10310fa0720bb74a6dd19f717f31f98ad0ee82f6e0e5fda291fe9040f278'}, {'wins': 1, 'losses': 2, 'points': 2, 'matches': 3, 'team_id': 47520, 'position': 3, 'team_name': 'Kellett S.', 'scores_for': 7, 'scores_against': 14, 'team_hash_image': '94f682b35adea691a94322e567f22d6b759bd2002a3473d6b2f1983edcd4a5b6'}, {'wins': 2, 'losses': 1, 'points': 4, 'matches': 3, 'team_id': 47502, 'position': 2, 'team_name': 'Nicholson P.', 'scores_for': 11, 'scores_against': 9, 'team_hash_image': '51b201efd36b9d73f432e1ec312e8b1f071e6ba1317c38d4e528491de57293c9'}, {'wins': 3, 'losses': 0, 'points': 6, 'matches': 3, 'team_id': 2042, 'position': 1, 'team_name': 'Taylor P.', 'scores_for': 15, 'scores_against': 1, 'team_hash_image': '6351592b5508122def76d094440f181d274cf708e67b171969cc85ff2ac49f9d'}]"
81518,11429,total,"World Cup of Darts 2023, Group C",12150,World Cup of Darts 2023,4027,World Cup of Darts,8653388a7b545fbcfba78767bb2be010e3120a39f2fbfeeb500a533e87358bfe,"[{'wins': 0, 'draws': 0, 'losses': 2, 'points': 0, 'matches': 2, 'team_id': 47542, 'position': 3, 'team_name': 'Madhoo N / Fitzgerald S', 'team_hash_image': '11c3dff0d012cbc8bfbbebdae102b4af59c562977d15e3e4f25aec69cba12772'}, {'wins': 1, 'draws': 0, 'losses': 1, 'points': 2, 'matches': 2, 'team_id': 47523, 'position': 2, 'team_name': 'Galliano C / Hewitt J', 'team_hash_image': 'f7566055b7a1665f5dea01ee221275e72aaa2dd76dfd4f903a4ece3f663d8797'}, {'wins': 2, 'draws': 0, 'losses': 0, 'points': 4, 'matches': 2, 'team_id': 47504, 'position': 1, 'team_name': 'Whitlock S / Heta D', 'team_hash_image': '88a0cec9e7587ed790082a8345091523b9796382c61c96e168839d95e43b1b45'}]"
81519,11431,total,Group A,19871,Grand Slam of Darts 2011,3295,Grand Slam of Darts,fa83813e76b193d7b48aeb9f88d41a81d428f12497c799ab14f2b8dda43de641,"[{'wins': 1, 'losses': 2, 'points': 2, 'matches': 3, 'team_id': 47507, 'position': 3, 'team_name': 'Waites S.', 'scores_for': 12, 'scores_against': 12, 'team_hash_image': 'c975d16ff19537bbdc6417923fbd8176b372bf1f8772bb78663ad93fb7e53086'}, {'wins': 1, 'losses': 2, 'points': 2, 'matches': 3, 'team_id': 47527, 'position': 4, 'team_name': ""O'Shea T."", 'scores_for': 9, 'scores_against': 14, 'team_hash_image': '224b5d0e970b52686704485542a175957a0cbab18240f042eae51a777fa51628'}, {'wins': 2, 'losses': 1, 'points': 4, 'matches': 3, 'team_id': 1810, 'position': 1, 'team_name': 'Van Gerwen M.', 'scores_for': 13, 'scores_against': 10, 'team_hash_image': 'e5281230fc54252da40c3c86448cda06e2b5d422669f501044d58d18aec97b06'}, {'wins': 2, 'losses': 1, 'points': 4, 'matches': 3, 'team_id': 47505, 'position': 2, 'team_name': 'Walsh M.', 'scores_for': 12, 'scores_against': 10, 'team_hash_image': '235a96ccbeecf34820f6b44b7dbcf7e821cda963835c6e06fc1aa5169d26dd51'}]"
81520,11432,total,Group A,19543,Grand Slam of Darts 2012,3295,Grand Slam of Darts,fa83813e76b193d7b48aeb9f88d41a81d428f12497c799ab14f2b8dda43de641,"[{'wins': 1, 'losses': 2, 'points': 2, 'matches': 3, 'team_id': 47511, 'position': 3, 'team_name': 'Webster M.', 'scores_for': 9, 'scores_against': 13, 'team_hash_image': 'bf34cf4424014c3616f284a0d386da58a291550e7f91d21fa774280f4a857dfd'}, {'wins': 1, 'losses': 2, 'points': 2, 'matches': 3, 'team_id': 47535, 'position': 4, 'team_name': 'Stompe C.', 'scores_for': 7, 'scores_against': 12, 'team_hash_image': '7dae0d98ef22dc26b0b5a3efc1f6822c620d7bc5bc9b338de4ac908457b0ce53'}, {'wins': 2, 'losses': 1, 'points': 4, 'matches': 3, 'team_id': 2042, 'position': 2, 'team_name': 'Taylor P.', 'scores_for': 12, 'scores_against': 8, 'team_hash_image': '6351592b5508122def76d094440f181d274cf708e67b171969cc85ff2ac49f9d'}, {'wins': 2, 'losses': 1, 'points': 4, 'matches': 3, 'team_id': 47507, 'position': 1, 'team_name': 'Waites S.', 'scores_for': 13, 'scores_against': 8, 'team_hash_image': 'c975d16ff19537bbdc6417923fbd8176b372bf1f8772bb78663ad93fb7e53086'}]"
81521,11398,total,Premier League,19718,Premier League 2013,2875,Premier League Darts,96cd11affc7dda52b6348b0d54d158a67cee178c7fae03e76b935147f33217c5,"[{'wins': 2, 'points': 5, 'matches': 9, 'team_id': 2032, 'position': 10, 'team_name': 'Anderson G.', 'scores_for': 40, 'scores_against': 58, 'team_hash_image': 'e7695263ce57dff52ab29a0e2cde35f9fd18723ec604026a8c67afc81ab6d4d4'}, {'wins': 2, 'points': 5, 'matches': 9, 'team_id': 47498, 'position': 9, 'team_name': 'Newton W.', 'scores_for': 42, 'scores_against': 56, 'team_hash_image': 'a1e8e70fe9c71830c8d0d4523b44503503a50825f3d0540412639662a180a90e'}, {'wins': 4, 'points': 10, 'matches': 16, 'team_id': 47470, 'position': 8, 'team_name': 'Lewis A.', 'scores_for': 73, 'scores_against': 100, 'team_hash_image': '40764b0d8431f697fe9bebf5168ca2f98a3587d2448156eb633df20ba65d14b5'}, {'wins': 6, 'points': 12, 'matches': 16, 'team_id': 47506, 'position': 7, 'team_name': 'Hamilton A.', 'scores_for': 82, 'scores_against': 93, 'team_hash_image': '04b5b0bad14b84fb3bcbc674bda358360555d93e0f64e0b2164f2ec3593b1545'}, {'wins': 6, 'points': 15, 'matches': 16, 'team_id': 2618, 'position': 5, 'team_name': 'Thornton R.', 'scores_for': 81, 'scores_against': 88, 'team_hash_image': '03ca19b3eff8187e5b222bff4e0ae77751cb8bbaa0142dbe90b283a610cd6a6a'}, {'wins': 7, 'points': 15, 'matches': 16, 'team_id': 47444, 'position': 6, 'team_name': 'Whitlock S.', 'scores_for': 81, 'scores_against': 90, 'team_hash_image': 'd68176627238c4720658fe2f1ab39dacb96e8af510ecda85a964c6044c3ed6dd'}, {'wins': 7, 'points': 17, 'matches': 16, 'team_id': 47448, 'position': 4, 'team_name': 'Wade J.', 'scores_for': 88, 'scores_against': 82, 'team_hash_image': '8405cdc2cc83067a1165e3cb65baed4e3b543f5dca9fd88d85a2b188b031b3d5'}, {'wins': 8, 'points': 20, 'matches': 16, 'team_id': 2042, 'position': 3, 'team_name': 'Taylor P.', 'scores_for': 95, 'scores_against': 73, 'team_hash_image': '6351592b5508122def76d094440f181d274cf708e67b171969cc85ff2ac49f9d'}, {'wins': 10, 'points': 23, 'matches': 16, 'team_id': 47455, 'position': 2, 'team_name': 'van Barneveld R.', 'scores_for': 98, 'scores_against': 74, 'team_hash_image': '7f746061efeeedab7ae4ca7c934d0a28bafe5fb02cc111789eae6e51670f07c8'}, {'wins': 11, 'points': 24, 'matches': 16, 'team_id': 1810, 'position': 1, 'team_name': 'Van Gerwen M.', 'scores_for': 102, 'scores_against': 68, 'team_hash_image': 'e5281230fc54252da40c3c86448cda06e2b5d422669f501044d58d18aec97b06'}]"
81522,11433,total,Group H,15882,Grand Slam of Darts 2019,3295,Grand Slam of Darts,fa83813e76b193d7b48aeb9f88d41a81d428f12497c799ab14f2b8dda43de641,"[{'wins': 0, 'losses': 3, 'points': 0, 'matches': 3, 'team_id': 47459, 'position': 4, 'team_name': 'Schindler M.', 'scores_for': 8, 'scores_against': 15, 'team_hash_image': 'e786b68207f3f578256fe4bb37b456835ac5b92092c44e1cdde04172a4849eb9'}, {'wins': 1, 'losses': 2, 'points': 2, 'matches': 3, 'team_id': 2503, 'position': 3, 'team_name': 'Aspinall N.', 'scores_for': 6, 'scores_against': 10, 'team_hash_image': '1d367b1fad0e1dd324ec1702bb03b3d339199e796563a075988207e26a4b928b'}, {'wins': 2, 'losses': 1, 'points': 4, 'matches': 3, 'team_id': 1962, 'position': 2, 'team_name': 'Durrant G.', 'scores_for': 13, 'scores_against': 9, 'team_hash_image': 'bf35ef7ab47bb4ae2c3c9167d1d8cf773c3a7b50d9c05300c3857e918d79aba7'}, {'wins': 3, 'losses': 0, 'points': 6, 'matches': 3, 'team_id': 2093, 'position': 1, 'team_name': 'Smith M.', 'scores_for': 15, 'scores_against': 8, 'team_hash_image': '7f48531f7f5c9a025bfe2de4398e28a3774de16710fd5be3097641a9bc74d229'}]"
